id,batch,section,category,qa1,qa2,qa3,qa4,qa5,qa6,qa7,contentEligibleIgnoringInfrastructureFailures
"GR-A1-SV-01","PILOT-1","script_vocabulary","kanji_reading","FAIL","FAIL","PASS","REVIEW","REVIEW","PASS","FAIL","false"
"GR-A1-SV-02","PILOT-1","script_vocabulary","kanji_reading","FAIL","FAIL","PASS","REVIEW","REVIEW","PASS","FAIL","false"
"GR-A1-SV-03","PILOT-1","script_vocabulary","kanji_reading","FAIL","FAIL","PASS","REVIEW","REVIEW","PASS","FAIL","false"
"GR-A1-SV-04","PILOT-1","script_vocabulary","kanji_reading","FAIL","FAIL","PASS","REVIEW","REVIEW","REVIEW","FAIL","false"
"GR-A1-SV-05","PILOT-1","script_vocabulary","kanji_reading","FAIL","FAIL","PASS","REVIEW","REVIEW","PASS","FAIL","false"
"GR-A1-SV-06","PILOT-1","script_vocabulary","kanji_reading","FAIL","FAIL","PASS","REVIEW","REVIEW","REVIEW","FAIL","false"
"GR-A1-SV-07","PILOT-1","script_vocabulary","kanji_reading","FAIL","FAIL","PASS","REVIEW","REVIEW","PASS","FAIL","false"
"GR-A1-SV-08","PILOT-1","script_vocabulary","kanji_reading","FAIL","FAIL","PASS","REVIEW","REVIEW","PASS","FAIL","false"
"GR-A1-SV-09","PILOT-1","script_vocabulary","kanji_reading","FAIL","FAIL","PASS","REVIEW","FAIL","PASS","FAIL","false"
"GR-A1-SV-10","PILOT-1","script_vocabulary","kanji_reading","FAIL","FAIL","PASS","REVIEW","REVIEW","PASS","FAIL","false"
"GR-A1-CE-01","PILOT-1","conversation_expression","expression","FAIL","PASS","PASS","REVIEW","FAIL","PASS","FAIL","false"
"GR-A1-CE-02","PILOT-1","conversation_expression","expression","FAIL","FAIL","PASS","REVIEW","FAIL","PASS","FAIL","false"
"GR-A1-CE-03","PILOT-1","conversation_expression","grammar","FAIL","FAIL","PASS","REVIEW","FAIL","REVIEW","REVIEW","false"
"GR-A1-CE-04","PILOT-1","conversation_expression","expression","FAIL","FAIL","PASS","REVIEW","FAIL","PASS","FAIL","false"
"GR-A1-CE-05","PILOT-1","conversation_expression","expression","FAIL","FAIL","PASS","REVIEW","REVIEW","PASS","REVIEW","false"
"GR-A1-CE-06","PILOT-1","conversation_expression","grammar","FAIL","FAIL","PASS","REVIEW","FAIL","PASS","REVIEW","false"
"GR-A1-CE-07","PILOT-1","conversation_expression","expression","FAIL","FAIL","PASS","REVIEW","FAIL","REVIEW","REVIEW","false"
"GR-A1-CE-08","PILOT-1","conversation_expression","expression","FAIL","FAIL","PASS","REVIEW","FAIL","PASS","REVIEW","false"
"GR-A1-CE-09","PILOT-1","conversation_expression","grammar","FAIL","FAIL","PASS","REVIEW","FAIL","PASS","REVIEW","false"
"GR-A1-CE-10","PILOT-1","conversation_expression","grammar","FAIL","FAIL","PASS","REVIEW","FAIL","PASS","FAIL","false"
"GR-A1-LI-01","PILOT-1","listening","announcement_instruction","FAIL","FAIL","PASS","REVIEW","REVIEW","REVIEW","FAIL","false"
"GR-A1-LI-02","PILOT-1","listening","shop_public","REVIEW","PASS","PASS","REVIEW","REVIEW","REVIEW","REVIEW","false"
"GR-A1-LI-03","PILOT-1","listening","announcement_instruction","FAIL","FAIL","PASS","REVIEW","FAIL","REVIEW","FAIL","false"
"GR-A1-LI-04","PILOT-1","listening","announcement_instruction","FAIL","FAIL","PASS","REVIEW","REVIEW","REVIEW","FAIL","false"
"GR-A1-LI-05","PILOT-1","listening","announcement_instruction","FAIL","FAIL","PASS","REVIEW","REVIEW","REVIEW","FAIL","false"
"GR-A1-LI-06","PILOT-1","listening","shop_public","FAIL","FAIL","PASS","REVIEW","REVIEW","REVIEW","REVIEW","false"
"GR-A1-LI-07","PILOT-1","listening","conversation","FAIL","FAIL","PASS","REVIEW","REVIEW","REVIEW","REVIEW","false"
"GR-A1-LI-08","PILOT-1","listening","conversation","REVIEW","PASS","PASS","REVIEW","REVIEW","REVIEW","FAIL","false"
"GR-A1-LI-09","PILOT-1","listening","announcement_instruction","REVIEW","PASS","PASS","REVIEW","REVIEW","REVIEW","REVIEW","false"
"GR-A1-LI-10","PILOT-1","listening","conversation","FAIL","FAIL","PASS","REVIEW","REVIEW","REVIEW","REVIEW","false"
"GR-A1-RE-01","PILOT-1","reading","information_search","FAIL","FAIL","PASS","REVIEW","REVIEW","REVIEW","REVIEW","false"
"GR-A1-RE-02","PILOT-1","reading","information_search","FAIL","FAIL","PASS","REVIEW","FAIL","REVIEW","PASS","false"
"GR-A1-RE-03","PILOT-1","reading","information_search","FAIL","FAIL","PASS","REVIEW","REVIEW","REVIEW","PASS","false"
"GR-A1-RE-04","PILOT-1","reading","content_comprehension","REVIEW","PASS","PASS","REVIEW","FAIL","REVIEW","REVIEW","false"
"GR-A1-RE-05","PILOT-1","reading","content_comprehension","REVIEW","PASS","PASS","REVIEW","REVIEW","REVIEW","REVIEW","false"
"GR-A1-RE-06","PILOT-1","reading","information_search","FAIL","FAIL","PASS","REVIEW","FAIL","REVIEW","PASS","false"
"GR-A1-RE-07","PILOT-1","reading","information_search","FAIL","FAIL","PASS","REVIEW","FAIL","REVIEW","PASS","false"
"GR-A1-RE-08","PILOT-1","reading","information_search","FAIL","FAIL","PASS","REVIEW","FAIL","REVIEW","REVIEW","false"
"GR-A1-RE-09","PILOT-1","reading","content_comprehension","FAIL","FAIL","PASS","REVIEW","REVIEW","REVIEW","REVIEW","false"
"GR-A1-RE-10","PILOT-1","reading","information_search","FAIL","FAIL","PASS","REVIEW","FAIL","REVIEW","REVIEW","false"
"GR2-A1-SV-01","PILOT-2","script_vocabulary","kanji_reading","FAIL","FAIL","PASS","REVIEW","REVIEW","PASS","FAIL","false"
"GR2-A1-SV-02","PILOT-2","script_vocabulary","kanji_reading","FAIL","FAIL","PASS","REVIEW","REVIEW","PASS","FAIL","false"
"GR2-A1-SV-03","PILOT-2","script_vocabulary","kanji_reading","FAIL","FAIL","PASS","REVIEW","REVIEW","PASS","FAIL","false"
"GR2-A1-SV-04","PILOT-2","script_vocabulary","kanji_reading","FAIL","FAIL","PASS","REVIEW","REVIEW","PASS","FAIL","false"
"GR2-A1-SV-05","PILOT-2","script_vocabulary","kanji_reading","FAIL","FAIL","PASS","REVIEW","REVIEW","PASS","FAIL","false"
"GR2-A1-SV-06","PILOT-2","script_vocabulary","kanji_reading","FAIL","FAIL","PASS","REVIEW","REVIEW","REVIEW","FAIL","false"
"GR2-A1-SV-07","PILOT-2","script_vocabulary","kanji_reading","FAIL","FAIL","PASS","REVIEW","REVIEW","PASS","FAIL","false"
"GR2-A1-SV-08","PILOT-2","script_vocabulary","kanji_reading","FAIL","FAIL","PASS","REVIEW","REVIEW","PASS","FAIL","false"
"GR2-A1-SV-09","PILOT-2","script_vocabulary","kanji_reading","FAIL","FAIL","PASS","REVIEW","REVIEW","PASS","FAIL","false"
"GR2-A1-SV-10","PILOT-2","script_vocabulary","kanji_reading","FAIL","FAIL","PASS","REVIEW","REVIEW","PASS","FAIL","false"
"GR2-A1-CE-01","PILOT-2","conversation_expression","grammar","FAIL","FAIL","PASS","REVIEW","FAIL","PASS","REVIEW","false"
"GR2-A1-CE-02","PILOT-2","conversation_expression","expression","FAIL","FAIL","PASS","REVIEW","REVIEW","PASS","REVIEW","false"
"GR2-A1-CE-03","PILOT-2","conversation_expression","grammar","FAIL","FAIL","PASS","REVIEW","FAIL","PASS","REVIEW","false"
"GR2-A1-CE-04","PILOT-2","conversation_expression","grammar","FAIL","FAIL","PASS","REVIEW","FAIL","REVIEW","REVIEW","false"
"GR2-A1-CE-05","PILOT-2","conversation_expression","grammar","REVIEW","FAIL","PASS","REVIEW","FAIL","PASS","REVIEW","false"
"GR2-A1-CE-06","PILOT-2","conversation_expression","expression","FAIL","FAIL","PASS","REVIEW","REVIEW","PASS","REVIEW","false"
"GR2-A1-CE-07","PILOT-2","conversation_expression","grammar","FAIL","FAIL","PASS","REVIEW","FAIL","REVIEW","REVIEW","false"
"GR2-A1-CE-08","PILOT-2","conversation_expression","expression","FAIL","FAIL","PASS","REVIEW","FAIL","REVIEW","REVIEW","false"
"GR2-A1-CE-09","PILOT-2","conversation_expression","grammar","FAIL","FAIL","PASS","REVIEW","FAIL","PASS","FAIL","false"
"GR2-A1-CE-10","PILOT-2","conversation_expression","grammar","FAIL","FAIL","PASS","REVIEW","FAIL","PASS","REVIEW","false"
"GR2-A1-LI-01","PILOT-2","listening","announcement_instruction","FAIL","FAIL","PASS","REVIEW","REVIEW","REVIEW","REVIEW","false"
"GR2-A1-LI-02","PILOT-2","listening","shop_public","FAIL","FAIL","PASS","REVIEW","REVIEW","REVIEW","REVIEW","false"
"GR2-A1-LI-03","PILOT-2","listening","conversation","FAIL","FAIL","PASS","REVIEW","REVIEW","REVIEW","FAIL","false"
"GR2-A1-LI-04","PILOT-2","listening","announcement_instruction","FAIL","FAIL","PASS","REVIEW","REVIEW","REVIEW","REVIEW","false"
"GR2-A1-LI-05","PILOT-2","listening","announcement_instruction","REVIEW","PASS","PASS","REVIEW","REVIEW","REVIEW","REVIEW","false"
"GR2-A1-LI-06","PILOT-2","listening","shop_public","FAIL","FAIL","PASS","REVIEW","REVIEW","REVIEW","FAIL","false"
"GR2-A1-LI-07","PILOT-2","listening","conversation","FAIL","FAIL","PASS","REVIEW","REVIEW","FAIL","REVIEW","false"
"GR2-A1-LI-08","PILOT-2","listening","conversation","FAIL","FAIL","PASS","REVIEW","REVIEW","REVIEW","FAIL","false"
"GR2-A1-LI-09","PILOT-2","listening","shop_public","FAIL","FAIL","PASS","REVIEW","REVIEW","REVIEW","FAIL","false"
"GR2-A1-LI-10","PILOT-2","listening","conversation","FAIL","FAIL","PASS","REVIEW","REVIEW","REVIEW","FAIL","false"
"GR2-A1-RE-01","PILOT-2","reading","information_search","FAIL","FAIL","PASS","REVIEW","REVIEW","REVIEW","REVIEW","false"
"GR2-A1-RE-02","PILOT-2","reading","content_comprehension","FAIL","FAIL","PASS","REVIEW","REVIEW","PASS","PASS","false"
"GR2-A1-RE-03","PILOT-2","reading","information_search","FAIL","FAIL","PASS","REVIEW","FAIL","REVIEW","PASS","false"
"GR2-A1-RE-04","PILOT-2","reading","content_comprehension","REVIEW","PASS","PASS","REVIEW","REVIEW","PASS","PASS","false"
"GR2-A1-RE-05","PILOT-2","reading","content_comprehension","FAIL","FAIL","PASS","REVIEW","REVIEW","PASS","REVIEW","false"
"GR2-A1-RE-06","PILOT-2","reading","information_search","FAIL","FAIL","PASS","REVIEW","FAIL","PASS","PASS","false"
"GR2-A1-RE-07","PILOT-2","reading","content_comprehension","FAIL","FAIL","PASS","REVIEW","REVIEW","PASS","REVIEW","false"
"GR2-A1-RE-08","PILOT-2","reading","information_search","FAIL","FAIL","PASS","REVIEW","REVIEW","REVIEW","PASS","false"
"GR2-A1-RE-09","PILOT-2","reading","information_search","FAIL","FAIL","PASS","REVIEW","FAIL","REVIEW","REVIEW","false"
"GR2-A1-RE-10","PILOT-2","reading","content_comprehension","FAIL","FAIL","PASS","REVIEW","REVIEW","PASS","REVIEW","false"
"A1-CB001-SV-01","001","script_vocabulary","kanji_reading","FAIL","FAIL","PASS","REVIEW","REVIEW","REVIEW","FAIL","false"
"A1-CB001-SV-02","001","script_vocabulary","kanji_reading","FAIL","FAIL","PASS","REVIEW","REVIEW","PASS","FAIL","false"
"A1-CB001-SV-03","001","script_vocabulary","word_usage","FAIL","FAIL","PASS","REVIEW","REVIEW","REVIEW","FAIL","false"
"A1-CB001-SV-04","001","script_vocabulary","word_usage","FAIL","FAIL","PASS","REVIEW","REVIEW","REVIEW","FAIL","false"
"A1-CB001-SV-05","001","script_vocabulary","word_meaning","FAIL","FAIL","PASS","REVIEW","REVIEW","REVIEW","FAIL","false"
"A1-CB001-CE-01","001","conversation_expression","expression","FAIL","FAIL","PASS","REVIEW","FAIL","PASS","REVIEW","false"
"A1-CB001-CE-02","001","conversation_expression","expression","FAIL","FAIL","PASS","REVIEW","FAIL","REVIEW","REVIEW","false"
"A1-CB001-CE-03","001","conversation_expression","expression","FAIL","FAIL","PASS","REVIEW","FAIL","REVIEW","PASS","false"
"A1-CB001-CE-04","001","conversation_expression","grammar","FAIL","FAIL","PASS","REVIEW","FAIL","PASS","REVIEW","false"
"A1-CB001-CE-05","001","conversation_expression","expression","FAIL","FAIL","PASS","REVIEW","FAIL","PASS","REVIEW","false"
"A1-CB001-LI-01","001","listening","announcement_instruction","FAIL","FAIL","PASS","REVIEW","REVIEW","REVIEW","REVIEW","false"
"A1-CB001-LI-02","001","listening","shop_public","FAIL","FAIL","PASS","REVIEW","REVIEW","REVIEW","REVIEW","false"
"A1-CB001-LI-03","001","listening","announcement_instruction","REVIEW","PASS","PASS","REVIEW","FAIL","REVIEW","REVIEW","false"
"A1-CB001-LI-04","001","listening","conversation","FAIL","FAIL","PASS","REVIEW","REVIEW","REVIEW","FAIL","false"
"A1-CB001-LI-05","001","listening","announcement_instruction","FAIL","FAIL","PASS","REVIEW","REVIEW","REVIEW","REVIEW","false"
"A1-CB001-RE-01","001","reading","information_search","FAIL","FAIL","PASS","REVIEW","REVIEW","REVIEW","PASS","false"
"A1-CB001-RE-02","001","reading","content_comprehension","FAIL","FAIL","PASS","REVIEW","REVIEW","PASS","PASS","false"
"A1-CB001-RE-03","001","reading","information_search","FAIL","FAIL","PASS","REVIEW","REVIEW","REVIEW","PASS","false"
"A1-CB001-RE-04","001","reading","content_comprehension","FAIL","FAIL","PASS","REVIEW","FAIL","PASS","PASS","false"
"A1-CB001-RE-05","001","reading","information_search","FAIL","FAIL","PASS","REVIEW","REVIEW","REVIEW","PASS","false"
"A1-CB002-SV-01","002","script_vocabulary","kanji_reading","FAIL","FAIL","PASS","REVIEW","REVIEW","PASS","FAIL","false"
"A1-CB002-SV-02","002","script_vocabulary","kanji_reading","FAIL","FAIL","PASS","REVIEW","REVIEW","PASS","FAIL","false"
"A1-CB002-SV-03","002","script_vocabulary","word_usage","FAIL","FAIL","PASS","REVIEW","REVIEW","REVIEW","FAIL","false"
"A1-CB002-SV-04","002","script_vocabulary","word_usage","FAIL","FAIL","PASS","REVIEW","REVIEW","REVIEW","FAIL","false"
"A1-CB002-SV-05","002","script_vocabulary","kanji_meaning_usage","FAIL","FAIL","PASS","REVIEW","REVIEW","PASS","FAIL","false"
"A1-CB002-CE-01","002","conversation_expression","expression","FAIL","FAIL","PASS","REVIEW","FAIL","REVIEW","REVIEW","false"
"A1-CB002-CE-02","002","conversation_expression","grammar","FAIL","FAIL","PASS","REVIEW","REVIEW","PASS","REVIEW","false"
"A1-CB002-CE-03","002","conversation_expression","grammar","FAIL","FAIL","PASS","REVIEW","FAIL","REVIEW","REVIEW","false"
"A1-CB002-CE-04","002","conversation_expression","expression","REVIEW","FAIL","PASS","REVIEW","FAIL","PASS","REVIEW","false"
"A1-CB002-CE-05","002","conversation_expression","expression","FAIL","FAIL","PASS","REVIEW","REVIEW","PASS","REVIEW","false"
"A1-CB002-LI-01","002","listening","announcement_instruction","FAIL","FAIL","PASS","REVIEW","REVIEW","REVIEW","REVIEW","false"
"A1-CB002-LI-02","002","listening","shop_public","REVIEW","PASS","PASS","REVIEW","FAIL","REVIEW","REVIEW","false"
"A1-CB002-LI-03","002","listening","shop_public","FAIL","FAIL","PASS","REVIEW","REVIEW","REVIEW","REVIEW","false"
"A1-CB002-LI-04","002","listening","announcement_instruction","FAIL","FAIL","PASS","REVIEW","REVIEW","REVIEW","REVIEW","false"
"A1-CB002-LI-05","002","listening","announcement_instruction","FAIL","FAIL","PASS","REVIEW","FAIL","REVIEW","REVIEW","false"
"A1-CB002-RE-01","002","reading","information_search","FAIL","FAIL","PASS","REVIEW","FAIL","REVIEW","REVIEW","false"
"A1-CB002-RE-02","002","reading","information_search","FAIL","FAIL","PASS","REVIEW","REVIEW","REVIEW","REVIEW","false"
"A1-CB002-RE-03","002","reading","content_comprehension","REVIEW","PASS","PASS","REVIEW","REVIEW","REVIEW","PASS","false"
"A1-CB002-RE-04","002","reading","content_comprehension","REVIEW","PASS","PASS","REVIEW","FAIL","REVIEW","PASS","false"
"A1-CB002-RE-05","002","reading","information_search","FAIL","FAIL","PASS","REVIEW","FAIL","REVIEW","REVIEW","false"
"A1-CB003-SV-01","003","script_vocabulary","kanji_reading","FAIL","FAIL","PASS","REVIEW","REVIEW","PASS","FAIL","false"
"A1-CB003-SV-02","003","script_vocabulary","kanji_reading","FAIL","FAIL","PASS","REVIEW","REVIEW","PASS","FAIL","false"
"A1-CB003-SV-03","003","script_vocabulary","word_usage","FAIL","FAIL","PASS","REVIEW","REVIEW","REVIEW","FAIL","false"
"A1-CB003-SV-04","003","script_vocabulary","word_usage","FAIL","FAIL","PASS","REVIEW","REVIEW","REVIEW","FAIL","false"
"A1-CB003-SV-05","003","script_vocabulary","kanji_meaning_usage","FAIL","FAIL","PASS","REVIEW","REVIEW","PASS","FAIL","false"
"A1-CB003-CE-01","003","conversation_expression","expression","FAIL","FAIL","PASS","REVIEW","FAIL","PASS","REVIEW","false"
"A1-CB003-CE-02","003","conversation_expression","expression","FAIL","FAIL","PASS","REVIEW","FAIL","REVIEW","REVIEW","false"
"A1-CB003-CE-03","003","conversation_expression","expression","FAIL","FAIL","PASS","REVIEW","FAIL","PASS","PASS","false"
"A1-CB003-CE-04","003","conversation_expression","grammar","FAIL","FAIL","PASS","REVIEW","FAIL","PASS","REVIEW","false"
"A1-CB003-CE-05","003","conversation_expression","expression","FAIL","FAIL","PASS","REVIEW","REVIEW","PASS","REVIEW","false"
"A1-CB003-LI-01","003","listening","announcement_instruction","FAIL","FAIL","PASS","REVIEW","REVIEW","REVIEW","REVIEW","false"
"A1-CB003-LI-02","003","listening","shop_public","FAIL","FAIL","PASS","REVIEW","REVIEW","REVIEW","FAIL","false"
"A1-CB003-LI-03","003","listening","shop_public","FAIL","FAIL","PASS","REVIEW","FAIL","REVIEW","REVIEW","false"
"A1-CB003-LI-04","003","listening","announcement_instruction","FAIL","FAIL","PASS","REVIEW","REVIEW","REVIEW","FAIL","false"
"A1-CB003-LI-05","003","listening","shop_public","REVIEW","PASS","PASS","REVIEW","FAIL","REVIEW","PASS","false"
"A1-CB003-RE-01","003","reading","information_search","FAIL","FAIL","PASS","REVIEW","REVIEW","REVIEW","PASS","false"
"A1-CB003-RE-02","003","reading","information_search","FAIL","FAIL","PASS","REVIEW","FAIL","REVIEW","PASS","false"
"A1-CB003-RE-03","003","reading","information_search","FAIL","FAIL","PASS","REVIEW","FAIL","REVIEW","REVIEW","false"
"A1-CB003-RE-04","003","reading","content_comprehension","REVIEW","PASS","PASS","REVIEW","REVIEW","REVIEW","PASS","false"
"A1-CB003-RE-05","003","reading","information_search","FAIL","FAIL","PASS","REVIEW","REVIEW","REVIEW","PASS","false"
"A1-CB004-SV-01","004","script_vocabulary","kanji_reading","FAIL","FAIL","PASS","REVIEW","REVIEW","REVIEW","FAIL","false"
"A1-CB004-SV-02","004","script_vocabulary","kanji_reading","FAIL","FAIL","PASS","REVIEW","REVIEW","PASS","FAIL","false"
"A1-CB004-SV-03","004","script_vocabulary","word_usage","FAIL","FAIL","PASS","REVIEW","REVIEW","REVIEW","FAIL","false"
"A1-CB004-SV-04","004","script_vocabulary","word_usage","FAIL","FAIL","PASS","REVIEW","REVIEW","REVIEW","FAIL","false"
"A1-CB004-SV-05","004","script_vocabulary","kanji_meaning_usage","FAIL","FAIL","PASS","REVIEW","REVIEW","PASS","FAIL","false"
"A1-CB004-CE-01","004","conversation_expression","expression","FAIL","FAIL","PASS","REVIEW","FAIL","PASS","REVIEW","false"
"A1-CB004-CE-02","004","conversation_expression","grammar","REVIEW","FAIL","PASS","REVIEW","FAIL","PASS","REVIEW","false"
"A1-CB004-CE-03","004","conversation_expression","expression","FAIL","FAIL","PASS","REVIEW","FAIL","PASS","REVIEW","false"
"A1-CB004-CE-04","004","conversation_expression","expression","FAIL","FAIL","PASS","REVIEW","FAIL","REVIEW","REVIEW","false"
"A1-CB004-CE-05","004","conversation_expression","expression","FAIL","FAIL","PASS","REVIEW","FAIL","REVIEW","REVIEW","false"
"A1-CB004-LI-01","004","listening","shop_public","FAIL","FAIL","PASS","REVIEW","REVIEW","REVIEW","REVIEW","false"
"A1-CB004-LI-02","004","listening","announcement_instruction","FAIL","FAIL","PASS","REVIEW","REVIEW","REVIEW","REVIEW","false"
"A1-CB004-LI-03","004","listening","shop_public","FAIL","FAIL","PASS","REVIEW","REVIEW","REVIEW","REVIEW","false"
"A1-CB004-LI-04","004","listening","announcement_instruction","FAIL","FAIL","PASS","REVIEW","REVIEW","REVIEW","REVIEW","false"
"A1-CB004-LI-05","004","listening","conversation","REVIEW","PASS","PASS","REVIEW","REVIEW","REVIEW","REVIEW","false"
"A1-CB004-RE-01","004","reading","information_search","FAIL","FAIL","PASS","REVIEW","REVIEW","REVIEW","REVIEW","false"
"A1-CB004-RE-02","004","reading","content_comprehension","REVIEW","PASS","PASS","REVIEW","FAIL","REVIEW","PASS","false"
"A1-CB004-RE-03","004","reading","information_search","FAIL","FAIL","PASS","REVIEW","REVIEW","REVIEW","PASS","false"
"A1-CB004-RE-04","004","reading","information_search","FAIL","FAIL","PASS","REVIEW","FAIL","REVIEW","PASS","false"
"A1-CB004-RE-05","004","reading","content_comprehension","REVIEW","PASS","PASS","REVIEW","FAIL","REVIEW","PASS","false"
"A1-CB005-SV-01","005","script_vocabulary","word_usage","FAIL","PASS","PASS","REVIEW","REVIEW","PASS","FAIL","false"
"A1-CB005-SV-02","005","script_vocabulary","kanji_reading","FAIL","FAIL","PASS","REVIEW","FAIL","PASS","FAIL","false"
"A1-CB005-SV-03","005","script_vocabulary","kanji_meaning_usage","FAIL","PASS","PASS","REVIEW","REVIEW","PASS","FAIL","false"
"A1-CB005-SV-04","005","script_vocabulary","word_meaning","FAIL","PASS","PASS","REVIEW","REVIEW","PASS","FAIL","false"
"A1-CB005-SV-05","005","script_vocabulary","word_usage","FAIL","PASS","PASS","REVIEW","REVIEW","PASS","FAIL","false"
"A1-CB005-CE-01","005","conversation_expression","grammar","FAIL","FAIL","PASS","REVIEW","REVIEW","PASS","FAIL","false"
"A1-CB005-CE-02","005","conversation_expression","expression","FAIL","FAIL","PASS","REVIEW","REVIEW","PASS","REVIEW","false"
"A1-CB005-CE-03","005","conversation_expression","grammar","FAIL","FAIL","PASS","REVIEW","REVIEW","PASS","REVIEW","false"
"A1-CB005-CE-04","005","conversation_expression","expression","FAIL","FAIL","PASS","REVIEW","FAIL","PASS","FAIL","false"
"A1-CB005-CE-05","005","conversation_expression","grammar","FAIL","FAIL","PASS","REVIEW","FAIL","PASS","FAIL","false"
"A1-CB005-LI-01","005","listening","conversation","REVIEW","PASS","PASS","REVIEW","REVIEW","REVIEW","FAIL","false"
"A1-CB005-LI-02","005","listening","shop_public","REVIEW","PASS","PASS","REVIEW","REVIEW","REVIEW","FAIL","false"
"A1-CB005-LI-03","005","listening","announcement_instruction","FAIL","PASS","PASS","REVIEW","FAIL","REVIEW","FAIL","false"
"A1-CB005-LI-04","005","listening","conversation","REVIEW","PASS","PASS","REVIEW","REVIEW","REVIEW","FAIL","false"
"A1-CB005-LI-05","005","listening","shop_public","FAIL","PASS","PASS","REVIEW","REVIEW","REVIEW","FAIL","false"
"A1-CB005-RE-01","005","reading","content_comprehension","REVIEW","PASS","PASS","REVIEW","FAIL","REVIEW","PASS","false"
"A1-CB005-RE-02","005","reading","information_search","REVIEW","PASS","PASS","REVIEW","FAIL","PASS","FAIL","false"
"A1-CB005-RE-03","005","reading","content_comprehension","REVIEW","PASS","PASS","REVIEW","FAIL","REVIEW","REVIEW","false"
"A1-CB005-RE-04","005","reading","information_search","REVIEW","PASS","PASS","REVIEW","FAIL","PASS","FAIL","false"
"A1-CB005-RE-05","005","reading","content_comprehension","REVIEW","PASS","PASS","REVIEW","REVIEW","PASS","REVIEW","false"
"A1-CB006-SV-01","006","script_vocabulary","kanji_reading","FAIL","FAIL","PASS","REVIEW","REVIEW","PASS","FAIL","false"
"A1-CB006-SV-02","006","script_vocabulary","kanji_meaning_usage","FAIL","FAIL","PASS","REVIEW","FAIL","PASS","REVIEW","false"
"A1-CB006-SV-03","006","script_vocabulary","word_meaning","FAIL","FAIL","PASS","REVIEW","REVIEW","PASS","FAIL","false"
"A1-CB006-SV-04","006","script_vocabulary","word_usage","FAIL","FAIL","PASS","REVIEW","FAIL","PASS","REVIEW","false"
"A1-CB006-SV-05","006","script_vocabulary","kanji_reading","FAIL","FAIL","PASS","REVIEW","FAIL","PASS","FAIL","false"
"A1-CB006-CE-01","006","conversation_expression","expression","FAIL","FAIL","PASS","REVIEW","REVIEW","REVIEW","REVIEW","false"
"A1-CB006-CE-02","006","conversation_expression","grammar","FAIL","FAIL","PASS","REVIEW","FAIL","PASS","REVIEW","false"
"A1-CB006-CE-03","006","conversation_expression","expression","REVIEW","FAIL","PASS","REVIEW","REVIEW","PASS","REVIEW","false"
"A1-CB006-CE-04","006","conversation_expression","grammar","FAIL","FAIL","PASS","REVIEW","REVIEW","PASS","REVIEW","false"
"A1-CB006-CE-05","006","conversation_expression","expression","REVIEW","FAIL","PASS","REVIEW","REVIEW","REVIEW","PASS","false"
"A1-CB006-LI-01","006","listening","shop_public","FAIL","FAIL","PASS","REVIEW","REVIEW","REVIEW","REVIEW","false"
"A1-CB006-LI-02","006","listening","announcement_instruction","FAIL","PASS","PASS","REVIEW","REVIEW","REVIEW","FAIL","false"
"A1-CB006-LI-03","006","listening","conversation","FAIL","FAIL","PASS","REVIEW","REVIEW","REVIEW","FAIL","false"
"A1-CB006-LI-04","006","listening","shop_public","FAIL","PASS","PASS","REVIEW","REVIEW","REVIEW","FAIL","false"
"A1-CB006-LI-05","006","listening","announcement_instruction","REVIEW","PASS","PASS","REVIEW","REVIEW","REVIEW","FAIL","false"
"A1-CB006-RE-01","006","reading","information_search","REVIEW","PASS","PASS","REVIEW","FAIL","REVIEW","REVIEW","false"
"A1-CB006-RE-02","006","reading","content_comprehension","REVIEW","PASS","PASS","REVIEW","REVIEW","PASS","REVIEW","false"
"A1-CB006-RE-03","006","reading","information_search","REVIEW","PASS","PASS","REVIEW","FAIL","REVIEW","FAIL","false"
"A1-CB006-RE-04","006","reading","content_comprehension","REVIEW","PASS","PASS","REVIEW","REVIEW","PASS","PASS","false"
"A1-CB006-RE-05","006","reading","information_search","REVIEW","PASS","PASS","REVIEW","FAIL","PASS","REVIEW","false"
"A1-CB007-SV-01","007","script_vocabulary","kanji_meaning_usage","FAIL","FAIL","PASS","REVIEW","FAIL","PASS","FAIL","false"
"A1-CB007-SV-02","007","script_vocabulary","word_meaning","FAIL","FAIL","PASS","REVIEW","REVIEW","PASS","FAIL","false"
"A1-CB007-SV-03","007","script_vocabulary","word_usage","FAIL","FAIL","PASS","REVIEW","FAIL","REVIEW","FAIL","false"
"A1-CB007-SV-04","007","script_vocabulary","kanji_reading","FAIL","FAIL","PASS","REVIEW","REVIEW","PASS","FAIL","false"
"A1-CB007-SV-05","007","script_vocabulary","kanji_meaning_usage","FAIL","FAIL","PASS","REVIEW","FAIL","PASS","FAIL","false"
"A1-CB007-CE-01","007","conversation_expression","grammar","FAIL","FAIL","PASS","REVIEW","FAIL","PASS","REVIEW","false"
"A1-CB007-CE-02","007","conversation_expression","expression","FAIL","FAIL","PASS","REVIEW","REVIEW","PASS","REVIEW","false"
"A1-CB007-CE-03","007","conversation_expression","grammar","FAIL","FAIL","PASS","REVIEW","FAIL","PASS","REVIEW","false"
"A1-CB007-CE-04","007","conversation_expression","expression","FAIL","FAIL","PASS","REVIEW","REVIEW","PASS","REVIEW","false"
"A1-CB007-CE-05","007","conversation_expression","grammar","FAIL","FAIL","PASS","REVIEW","FAIL","PASS","REVIEW","false"
"A1-CB007-LI-01","007","listening","announcement_instruction","REVIEW","PASS","PASS","REVIEW","REVIEW","REVIEW","FAIL","false"
"A1-CB007-LI-02","007","listening","conversation","REVIEW","PASS","PASS","REVIEW","REVIEW","REVIEW","FAIL","false"
"A1-CB007-LI-03","007","listening","shop_public","FAIL","PASS","PASS","REVIEW","REVIEW","REVIEW","FAIL","false"
"A1-CB007-LI-04","007","listening","announcement_instruction","FAIL","PASS","PASS","REVIEW","REVIEW","REVIEW","FAIL","false"
"A1-CB007-LI-05","007","listening","conversation","REVIEW","PASS","PASS","REVIEW","REVIEW","REVIEW","FAIL","false"
"A1-CB007-RE-01","007","reading","content_comprehension","FAIL","FAIL","PASS","REVIEW","REVIEW","PASS","REVIEW","false"
"A1-CB007-RE-02","007","reading","information_search","FAIL","FAIL","PASS","REVIEW","REVIEW","REVIEW","FAIL","false"
"A1-CB007-RE-03","007","reading","content_comprehension","REVIEW","PASS","PASS","REVIEW","FAIL","PASS","REVIEW","false"
"A1-CB007-RE-04","007","reading","information_search","FAIL","FAIL","PASS","REVIEW","FAIL","PASS","REVIEW","false"
"A1-CB007-RE-05","007","reading","content_comprehension","FAIL","FAIL","PASS","REVIEW","FAIL","REVIEW","REVIEW","false"
"A1-CB008-SV-01","008","script_vocabulary","word_meaning","FAIL","FAIL","PASS","REVIEW","REVIEW","PASS","FAIL","false"
"A1-CB008-SV-02","008","script_vocabulary","word_usage","FAIL","FAIL","PASS","REVIEW","FAIL","REVIEW","FAIL","false"
"A1-CB008-SV-03","008","script_vocabulary","kanji_reading","FAIL","FAIL","PASS","REVIEW","REVIEW","PASS","FAIL","false"
"A1-CB008-SV-04","008","script_vocabulary","kanji_meaning_usage","FAIL","FAIL","PASS","REVIEW","FAIL","PASS","REVIEW","false"
"A1-CB008-SV-05","008","script_vocabulary","word_meaning","FAIL","FAIL","PASS","REVIEW","REVIEW","PASS","FAIL","false"
"A1-CB008-CE-01","008","conversation_expression","expression","FAIL","FAIL","PASS","REVIEW","REVIEW","PASS","FAIL","false"
"A1-CB008-CE-02","008","conversation_expression","grammar","FAIL","FAIL","PASS","REVIEW","REVIEW","PASS","REVIEW","false"
"A1-CB008-CE-03","008","conversation_expression","expression","FAIL","FAIL","PASS","REVIEW","REVIEW","PASS","REVIEW","false"
"A1-CB008-CE-04","008","conversation_expression","grammar","FAIL","FAIL","PASS","REVIEW","REVIEW","PASS","REVIEW","false"
"A1-CB008-CE-05","008","conversation_expression","expression","FAIL","FAIL","PASS","REVIEW","REVIEW","PASS","FAIL","false"
"A1-CB008-LI-01","008","listening","conversation","FAIL","FAIL","PASS","REVIEW","FAIL","REVIEW","FAIL","false"
"A1-CB008-LI-02","008","listening","shop_public","REVIEW","PASS","PASS","REVIEW","REVIEW","REVIEW","REVIEW","false"
"A1-CB008-LI-03","008","listening","announcement_instruction","FAIL","PASS","PASS","REVIEW","FAIL","REVIEW","FAIL","false"
"A1-CB008-LI-04","008","listening","conversation","REVIEW","PASS","PASS","REVIEW","REVIEW","REVIEW","FAIL","false"
"A1-CB008-LI-05","008","listening","shop_public","FAIL","FAIL","PASS","REVIEW","REVIEW","REVIEW","FAIL","false"
"A1-CB008-RE-01","008","reading","information_search","FAIL","FAIL","PASS","REVIEW","REVIEW","PASS","REVIEW","false"
"A1-CB008-RE-02","008","reading","content_comprehension","FAIL","FAIL","PASS","REVIEW","REVIEW","PASS","REVIEW","false"
"A1-CB008-RE-03","008","reading","information_search","REVIEW","PASS","PASS","REVIEW","FAIL","REVIEW","REVIEW","false"
"A1-CB008-RE-04","008","reading","content_comprehension","REVIEW","PASS","PASS","REVIEW","REVIEW","PASS","REVIEW","false"
"A1-CB008-RE-05","008","reading","information_search","FAIL","FAIL","PASS","REVIEW","FAIL","PASS","REVIEW","false"
"A1-CB009-SV-01","009","script_vocabulary","word_usage","FAIL","FAIL","PASS","REVIEW","FAIL","PASS","FAIL","false"
"A1-CB009-SV-02","009","script_vocabulary","kanji_reading","FAIL","FAIL","PASS","REVIEW","FAIL","PASS","FAIL","false"
"A1-CB009-SV-03","009","script_vocabulary","kanji_meaning_usage","FAIL","FAIL","PASS","REVIEW","FAIL","PASS","REVIEW","false"
"A1-CB009-SV-04","009","script_vocabulary","word_meaning","FAIL","FAIL","PASS","REVIEW","REVIEW","PASS","FAIL","false"
"A1-CB009-SV-05","009","script_vocabulary","word_usage","FAIL","FAIL","PASS","REVIEW","FAIL","PASS","REVIEW","false"
"A1-CB009-CE-01","009","conversation_expression","grammar","FAIL","FAIL","PASS","REVIEW","REVIEW","PASS","FAIL","false"
"A1-CB009-CE-02","009","conversation_expression","expression","FAIL","FAIL","PASS","REVIEW","REVIEW","REVIEW","REVIEW","false"
"A1-CB009-CE-03","009","conversation_expression","grammar","FAIL","FAIL","PASS","REVIEW","REVIEW","PASS","REVIEW","false"
"A1-CB009-CE-04","009","conversation_expression","expression","FAIL","FAIL","PASS","REVIEW","REVIEW","PASS","REVIEW","false"
"A1-CB009-CE-05","009","conversation_expression","grammar","FAIL","FAIL","PASS","REVIEW","REVIEW","PASS","REVIEW","false"
"A1-CB009-LI-01","009","listening","shop_public","FAIL","PASS","PASS","REVIEW","REVIEW","REVIEW","FAIL","false"
"A1-CB009-LI-02","009","listening","announcement_instruction","FAIL","PASS","PASS","REVIEW","FAIL","REVIEW","FAIL","false"
"A1-CB009-LI-03","009","listening","conversation","REVIEW","PASS","PASS","REVIEW","FAIL","REVIEW","FAIL","false"
"A1-CB009-LI-04","009","listening","shop_public","FAIL","PASS","PASS","REVIEW","FAIL","REVIEW","FAIL","false"
"A1-CB009-LI-05","009","listening","announcement_instruction","FAIL","FAIL","PASS","REVIEW","REVIEW","REVIEW","FAIL","false"
"A1-CB009-RE-01","009","reading","content_comprehension","REVIEW","PASS","PASS","REVIEW","FAIL","REVIEW","REVIEW","false"
"A1-CB009-RE-02","009","reading","information_search","REVIEW","PASS","PASS","REVIEW","FAIL","PASS","PASS","false"
"A1-CB009-RE-03","009","reading","content_comprehension","REVIEW","PASS","PASS","REVIEW","FAIL","PASS","REVIEW","false"
"A1-CB009-RE-04","009","reading","information_search","REVIEW","PASS","PASS","REVIEW","REVIEW","REVIEW","FAIL","false"
"A1-CB009-RE-05","009","reading","content_comprehension","FAIL","FAIL","PASS","REVIEW","REVIEW","PASS","REVIEW","false"
"A1-CB010-SV-01","010","script_vocabulary","kanji_reading","FAIL","FAIL","PASS","REVIEW","FAIL","PASS","FAIL","false"
"A1-CB010-SV-02","010","script_vocabulary","kanji_meaning_usage","FAIL","FAIL","PASS","REVIEW","FAIL","PASS","FAIL","false"
"A1-CB010-SV-03","010","script_vocabulary","word_meaning","FAIL","FAIL","PASS","REVIEW","REVIEW","PASS","FAIL","false"
"A1-CB010-SV-04","010","script_vocabulary","word_usage","FAIL","FAIL","PASS","REVIEW","FAIL","PASS","FAIL","false"
"A1-CB010-SV-05","010","script_vocabulary","kanji_reading","FAIL","FAIL","PASS","REVIEW","FAIL","PASS","FAIL","false"
"A1-CB010-CE-01","010","conversation_expression","expression","FAIL","FAIL","PASS","REVIEW","REVIEW","PASS","FAIL","false"
"A1-CB010-CE-02","010","conversation_expression","grammar","FAIL","FAIL","PASS","REVIEW","REVIEW","PASS","REVIEW","false"
"A1-CB010-CE-03","010","conversation_expression","expression","FAIL","FAIL","PASS","REVIEW","REVIEW","PASS","REVIEW","false"
"A1-CB010-CE-04","010","conversation_expression","grammar","FAIL","FAIL","PASS","REVIEW","REVIEW","PASS","REVIEW","false"
"A1-CB010-CE-05","010","conversation_expression","expression","FAIL","FAIL","PASS","REVIEW","REVIEW","PASS","REVIEW","false"
"A1-CB010-LI-01","010","listening","announcement_instruction","REVIEW","PASS","PASS","REVIEW","REVIEW","REVIEW","FAIL","false"
"A1-CB010-LI-02","010","listening","conversation","FAIL","FAIL","PASS","REVIEW","FAIL","REVIEW","FAIL","false"
"A1-CB010-LI-03","010","listening","shop_public","FAIL","FAIL","PASS","REVIEW","FAIL","REVIEW","FAIL","false"
"A1-CB010-LI-04","010","listening","announcement_instruction","REVIEW","PASS","PASS","REVIEW","FAIL","REVIEW","FAIL","false"
"A1-CB010-LI-05","010","listening","conversation","REVIEW","PASS","PASS","REVIEW","REVIEW","REVIEW","FAIL","false"
"A1-CB010-RE-01","010","reading","information_search","REVIEW","PASS","PASS","REVIEW","FAIL","PASS","FAIL","false"
"A1-CB010-RE-02","010","reading","content_comprehension","REVIEW","PASS","PASS","REVIEW","FAIL","REVIEW","REVIEW","false"
"A1-CB010-RE-03","010","reading","information_search","REVIEW","PASS","PASS","REVIEW","FAIL","PASS","REVIEW","false"
"A1-CB010-RE-04","010","reading","content_comprehension","REVIEW","PASS","PASS","REVIEW","REVIEW","REVIEW","FAIL","false"
"A1-CB010-RE-05","010","reading","information_search","REVIEW","PASS","PASS","REVIEW","FAIL","PASS","FAIL","false"
"A1-CB011-SV-01","011","script_vocabulary","kanji_meaning_usage","FAIL","FAIL","PASS","REVIEW","FAIL","PASS","FAIL","false"
"A1-CB011-SV-02","011","script_vocabulary","word_meaning","FAIL","FAIL","PASS","REVIEW","REVIEW","PASS","FAIL","false"
"A1-CB011-SV-03","011","script_vocabulary","word_usage","FAIL","FAIL","PASS","REVIEW","FAIL","REVIEW","FAIL","false"
"A1-CB011-SV-04","011","script_vocabulary","kanji_reading","FAIL","FAIL","PASS","REVIEW","FAIL","PASS","FAIL","false"
"A1-CB011-SV-05","011","script_vocabulary","kanji_meaning_usage","FAIL","FAIL","PASS","REVIEW","FAIL","PASS","FAIL","false"
"A1-CB011-CE-01","011","conversation_expression","grammar","FAIL","FAIL","PASS","REVIEW","REVIEW","PASS","FAIL","false"
"A1-CB011-CE-02","011","conversation_expression","expression","FAIL","FAIL","PASS","REVIEW","REVIEW","PASS","FAIL","false"
"A1-CB011-CE-03","011","conversation_expression","grammar","FAIL","FAIL","PASS","REVIEW","REVIEW","PASS","FAIL","false"
"A1-CB011-CE-04","011","conversation_expression","expression","FAIL","FAIL","PASS","REVIEW","REVIEW","REVIEW","FAIL","false"
"A1-CB011-CE-05","011","conversation_expression","grammar","FAIL","FAIL","PASS","REVIEW","REVIEW","PASS","REVIEW","false"
"A1-CB011-LI-01","011","listening","conversation","FAIL","FAIL","PASS","REVIEW","REVIEW","REVIEW","FAIL","false"
"A1-CB011-LI-02","011","listening","shop_public","REVIEW","PASS","PASS","REVIEW","REVIEW","REVIEW","FAIL","false"
"A1-CB011-LI-03","011","listening","announcement_instruction","REVIEW","PASS","PASS","REVIEW","REVIEW","REVIEW","FAIL","false"
"A1-CB011-LI-04","011","listening","conversation","REVIEW","PASS","PASS","REVIEW","REVIEW","REVIEW","FAIL","false"
"A1-CB011-LI-05","011","listening","shop_public","FAIL","PASS","PASS","REVIEW","FAIL","REVIEW","FAIL","false"
"A1-CB011-RE-01","011","reading","content_comprehension","FAIL","FAIL","PASS","REVIEW","FAIL","PASS","REVIEW","false"
"A1-CB011-RE-02","011","reading","information_search","REVIEW","PASS","PASS","REVIEW","FAIL","REVIEW","FAIL","false"
"A1-CB011-RE-03","011","reading","content_comprehension","REVIEW","PASS","PASS","REVIEW","FAIL","PASS","REVIEW","false"
"A1-CB011-RE-04","011","reading","information_search","FAIL","FAIL","PASS","REVIEW","REVIEW","REVIEW","PASS","false"
"A1-CB011-RE-05","011","reading","content_comprehension","REVIEW","PASS","PASS","REVIEW","FAIL","REVIEW","FAIL","false"
"A1-CB012-SV-01","012","script_vocabulary","word_meaning","FAIL","FAIL","PASS","REVIEW","REVIEW","PASS","FAIL","false"
"A1-CB012-SV-02","012","script_vocabulary","word_usage","FAIL","FAIL","PASS","REVIEW","FAIL","REVIEW","FAIL","false"
"A1-CB012-SV-03","012","script_vocabulary","kanji_reading","FAIL","FAIL","PASS","REVIEW","REVIEW","PASS","FAIL","false"
"A1-CB012-SV-04","012","script_vocabulary","kanji_meaning_usage","FAIL","FAIL","PASS","REVIEW","FAIL","PASS","FAIL","false"
"A1-CB012-SV-05","012","script_vocabulary","word_meaning","FAIL","FAIL","PASS","REVIEW","REVIEW","PASS","FAIL","false"
"A1-CB012-CE-01","012","conversation_expression","expression","FAIL","FAIL","PASS","REVIEW","REVIEW","PASS","REVIEW","false"
"A1-CB012-CE-02","012","conversation_expression","grammar","FAIL","FAIL","PASS","REVIEW","FAIL","PASS","REVIEW","false"
"A1-CB012-CE-03","012","conversation_expression","expression","FAIL","FAIL","PASS","REVIEW","REVIEW","PASS","REVIEW","false"
"A1-CB012-CE-04","012","conversation_expression","grammar","FAIL","FAIL","PASS","REVIEW","REVIEW","PASS","REVIEW","false"
"A1-CB012-CE-05","012","conversation_expression","expression","FAIL","FAIL","PASS","REVIEW","REVIEW","PASS","FAIL","false"
"A1-CB012-LI-01","012","listening","shop_public","FAIL","PASS","PASS","REVIEW","FAIL","REVIEW","FAIL","false"
"A1-CB012-LI-02","012","listening","announcement_instruction","REVIEW","PASS","PASS","REVIEW","FAIL","REVIEW","FAIL","false"
"A1-CB012-LI-03","012","listening","conversation","REVIEW","PASS","PASS","REVIEW","REVIEW","REVIEW","FAIL","false"
"A1-CB012-LI-04","012","listening","shop_public","REVIEW","PASS","PASS","REVIEW","FAIL","REVIEW","FAIL","false"
"A1-CB012-LI-05","012","listening","announcement_instruction","REVIEW","PASS","PASS","REVIEW","REVIEW","REVIEW","REVIEW","false"
"A1-CB012-RE-01","012","reading","information_search","REVIEW","PASS","PASS","REVIEW","REVIEW","REVIEW","REVIEW","false"
"A1-CB012-RE-02","012","reading","content_comprehension","REVIEW","PASS","PASS","REVIEW","FAIL","PASS","REVIEW","false"
"A1-CB012-RE-03","012","reading","information_search","REVIEW","PASS","PASS","REVIEW","FAIL","REVIEW","PASS","false"
"A1-CB012-RE-04","012","reading","content_comprehension","FAIL","FAIL","PASS","REVIEW","FAIL","PASS","REVIEW","false"
"A1-CB012-RE-05","012","reading","information_search","REVIEW","PASS","PASS","REVIEW","FAIL","REVIEW","REVIEW","false"
"A1-CB013-SV-01","013","script_vocabulary","word_usage","FAIL","FAIL","PASS","REVIEW","FAIL","PASS","REVIEW","false"
"A1-CB013-SV-02","013","script_vocabulary","kanji_reading","FAIL","FAIL","PASS","REVIEW","REVIEW","PASS","FAIL","false"
"A1-CB013-SV-03","013","script_vocabulary","kanji_meaning_usage","FAIL","FAIL","PASS","REVIEW","FAIL","PASS","FAIL","false"
"A1-CB013-SV-04","013","script_vocabulary","word_meaning","FAIL","FAIL","PASS","REVIEW","REVIEW","PASS","FAIL","false"
"A1-CB013-SV-05","013","script_vocabulary","word_usage","FAIL","FAIL","PASS","REVIEW","FAIL","REVIEW","FAIL","false"
"A1-CB013-CE-01","013","conversation_expression","grammar","FAIL","FAIL","PASS","REVIEW","REVIEW","PASS","REVIEW","false"
"A1-CB013-CE-02","013","conversation_expression","expression","FAIL","FAIL","PASS","REVIEW","REVIEW","PASS","REVIEW","false"
"A1-CB013-CE-03","013","conversation_expression","grammar","FAIL","FAIL","PASS","REVIEW","REVIEW","REVIEW","FAIL","false"
"A1-CB013-CE-04","013","conversation_expression","expression","FAIL","FAIL","PASS","REVIEW","REVIEW","PASS","FAIL","false"
"A1-CB013-CE-05","013","conversation_expression","grammar","FAIL","FAIL","PASS","REVIEW","REVIEW","PASS","FAIL","false"
"A1-CB013-LI-01","013","listening","announcement_instruction","FAIL","FAIL","PASS","REVIEW","REVIEW","REVIEW","REVIEW","false"
"A1-CB013-LI-02","013","listening","conversation","REVIEW","PASS","PASS","REVIEW","REVIEW","REVIEW","REVIEW","false"
"A1-CB013-LI-03","013","listening","shop_public","FAIL","FAIL","PASS","REVIEW","REVIEW","REVIEW","FAIL","false"
"A1-CB013-LI-04","013","listening","announcement_instruction","FAIL","FAIL","PASS","REVIEW","REVIEW","REVIEW","FAIL","false"
"A1-CB013-LI-05","013","listening","conversation","FAIL","FAIL","PASS","REVIEW","REVIEW","REVIEW","FAIL","false"
"A1-CB013-RE-01","013","reading","content_comprehension","REVIEW","PASS","PASS","REVIEW","REVIEW","PASS","FAIL","false"
"A1-CB013-RE-02","013","reading","information_search","REVIEW","PASS","PASS","REVIEW","FAIL","PASS","PASS","false"
"A1-CB013-RE-03","013","reading","content_comprehension","REVIEW","PASS","PASS","REVIEW","REVIEW","PASS","REVIEW","false"
"A1-CB013-RE-04","013","reading","information_search","FAIL","FAIL","PASS","REVIEW","REVIEW","REVIEW","REVIEW","false"
"A1-CB013-RE-05","013","reading","content_comprehension","REVIEW","PASS","PASS","REVIEW","FAIL","PASS","PASS","false"
"A1-CB014-SV-01","014","script_vocabulary","kanji_reading","FAIL","FAIL","PASS","REVIEW","FAIL","PASS","FAIL","false"
"A1-CB014-SV-02","014","script_vocabulary","kanji_meaning_usage","FAIL","FAIL","PASS","REVIEW","FAIL","PASS","FAIL","false"
"A1-CB014-SV-03","014","script_vocabulary","word_meaning","FAIL","FAIL","PASS","REVIEW","REVIEW","PASS","FAIL","false"
"A1-CB014-SV-04","014","script_vocabulary","word_usage","FAIL","FAIL","PASS","REVIEW","FAIL","PASS","FAIL","false"
"A1-CB014-SV-05","014","script_vocabulary","kanji_reading","FAIL","FAIL","PASS","REVIEW","REVIEW","PASS","FAIL","false"
"A1-CB014-CE-01","014","conversation_expression","expression","FAIL","FAIL","PASS","REVIEW","REVIEW","PASS","REVIEW","false"
"A1-CB014-CE-02","014","conversation_expression","grammar","FAIL","FAIL","PASS","REVIEW","REVIEW","PASS","FAIL","false"
"A1-CB014-CE-03","014","conversation_expression","expression","FAIL","FAIL","PASS","REVIEW","REVIEW","PASS","REVIEW","false"
"A1-CB014-CE-04","014","conversation_expression","grammar","FAIL","FAIL","PASS","REVIEW","REVIEW","PASS","REVIEW","false"
"A1-CB014-CE-05","014","conversation_expression","expression","FAIL","FAIL","PASS","REVIEW","REVIEW","PASS","FAIL","false"
"A1-CB014-LI-01","014","listening","conversation","REVIEW","PASS","PASS","REVIEW","REVIEW","REVIEW","FAIL","false"
"A1-CB014-LI-02","014","listening","shop_public","REVIEW","PASS","PASS","REVIEW","REVIEW","REVIEW","FAIL","false"
"A1-CB014-LI-03","014","listening","announcement_instruction","REVIEW","PASS","PASS","REVIEW","FAIL","REVIEW","FAIL","false"
"A1-CB014-LI-04","014","listening","conversation","REVIEW","PASS","PASS","REVIEW","REVIEW","REVIEW","FAIL","false"
"A1-CB014-LI-05","014","listening","shop_public","REVIEW","PASS","PASS","REVIEW","REVIEW","REVIEW","FAIL","false"
"A1-CB014-RE-01","014","reading","information_search","FAIL","FAIL","PASS","REVIEW","FAIL","PASS","FAIL","false"
"A1-CB014-RE-02","014","reading","content_comprehension","REVIEW","PASS","PASS","REVIEW","FAIL","PASS","REVIEW","false"
"A1-CB014-RE-03","014","reading","information_search","REVIEW","PASS","PASS","REVIEW","REVIEW","REVIEW","FAIL","false"
"A1-CB014-RE-04","014","reading","content_comprehension","FAIL","FAIL","PASS","REVIEW","REVIEW","PASS","FAIL","false"
"A1-CB014-RE-05","014","reading","information_search","REVIEW","PASS","PASS","REVIEW","FAIL","PASS","FAIL","false"
"A1-CB015-SV-01","015","script_vocabulary","kanji_meaning_usage","FAIL","FAIL","PASS","REVIEW","FAIL","PASS","FAIL","false"
"A1-CB015-SV-02","015","script_vocabulary","word_meaning","FAIL","FAIL","PASS","REVIEW","REVIEW","PASS","FAIL","false"
"A1-CB015-SV-03","015","script_vocabulary","word_usage","FAIL","FAIL","PASS","REVIEW","FAIL","PASS","REVIEW","false"
"A1-CB015-SV-04","015","script_vocabulary","kanji_reading","FAIL","FAIL","PASS","REVIEW","FAIL","PASS","FAIL","false"
"A1-CB015-SV-05","015","script_vocabulary","kanji_meaning_usage","FAIL","FAIL","PASS","REVIEW","FAIL","PASS","FAIL","false"
"A1-CB015-CE-01","015","conversation_expression","grammar","FAIL","FAIL","PASS","REVIEW","REVIEW","PASS","REVIEW","false"
"A1-CB015-CE-02","015","conversation_expression","expression","REVIEW","FAIL","PASS","REVIEW","REVIEW","PASS","FAIL","false"
"A1-CB015-CE-03","015","conversation_expression","grammar","FAIL","FAIL","PASS","REVIEW","REVIEW","PASS","FAIL","false"
"A1-CB015-CE-04","015","conversation_expression","expression","FAIL","FAIL","PASS","REVIEW","REVIEW","PASS","FAIL","false"
"A1-CB015-CE-05","015","conversation_expression","grammar","FAIL","FAIL","PASS","REVIEW","REVIEW","PASS","REVIEW","false"
"A1-CB015-LI-01","015","listening","shop_public","FAIL","PASS","PASS","REVIEW","FAIL","REVIEW","FAIL","false"
"A1-CB015-LI-02","015","listening","announcement_instruction","FAIL","FAIL","PASS","REVIEW","REVIEW","REVIEW","FAIL","false"
"A1-CB015-LI-03","015","listening","conversation","REVIEW","PASS","PASS","REVIEW","REVIEW","REVIEW","FAIL","false"
"A1-CB015-LI-04","015","listening","shop_public","REVIEW","PASS","PASS","REVIEW","REVIEW","REVIEW","FAIL","false"
"A1-CB015-LI-05","015","listening","announcement_instruction","REVIEW","PASS","PASS","REVIEW","FAIL","REVIEW","FAIL","false"
"A1-CB015-RE-01","015","reading","content_comprehension","FAIL","FAIL","PASS","REVIEW","FAIL","REVIEW","FAIL","false"
"A1-CB015-RE-02","015","reading","information_search","REVIEW","PASS","PASS","REVIEW","REVIEW","REVIEW","REVIEW","false"
"A1-CB015-RE-03","015","reading","content_comprehension","REVIEW","PASS","PASS","REVIEW","REVIEW","REVIEW","FAIL","false"
"A1-CB015-RE-04","015","reading","information_search","REVIEW","PASS","PASS","REVIEW","FAIL","PASS","REVIEW","false"
"A1-CB015-RE-05","015","reading","content_comprehension","REVIEW","PASS","PASS","REVIEW","FAIL","PASS","FAIL","false"
"A1-CB016-SV-01","016","script_vocabulary","word_meaning","FAIL","FAIL","PASS","REVIEW","REVIEW","PASS","FAIL","false"
"A1-CB016-SV-02","016","script_vocabulary","word_usage","FAIL","FAIL","PASS","REVIEW","FAIL","PASS","FAIL","false"
"A1-CB016-SV-03","016","script_vocabulary","kanji_reading","FAIL","FAIL","PASS","REVIEW","FAIL","PASS","FAIL","false"
"A1-CB016-SV-04","016","script_vocabulary","kanji_meaning_usage","FAIL","FAIL","PASS","REVIEW","FAIL","PASS","FAIL","false"
"A1-CB016-SV-05","016","script_vocabulary","word_meaning","FAIL","FAIL","PASS","REVIEW","REVIEW","PASS","FAIL","false"
"A1-CB016-CE-01","016","conversation_expression","expression","FAIL","FAIL","PASS","REVIEW","REVIEW","PASS","REVIEW","false"
"A1-CB016-CE-02","016","conversation_expression","grammar","FAIL","FAIL","PASS","REVIEW","REVIEW","PASS","FAIL","false"
"A1-CB016-CE-03","016","conversation_expression","expression","FAIL","FAIL","PASS","REVIEW","REVIEW","PASS","FAIL","false"
"A1-CB016-CE-04","016","conversation_expression","grammar","FAIL","FAIL","PASS","REVIEW","REVIEW","PASS","REVIEW","false"
"A1-CB016-CE-05","016","conversation_expression","expression","FAIL","FAIL","PASS","REVIEW","REVIEW","PASS","REVIEW","false"
"A1-CB016-LI-01","016","listening","announcement_instruction","REVIEW","PASS","PASS","REVIEW","REVIEW","REVIEW","FAIL","false"
"A1-CB016-LI-02","016","listening","conversation","FAIL","FAIL","PASS","REVIEW","REVIEW","REVIEW","FAIL","false"
"A1-CB016-LI-03","016","listening","shop_public","REVIEW","PASS","PASS","REVIEW","REVIEW","REVIEW","FAIL","false"
"A1-CB016-LI-04","016","listening","announcement_instruction","REVIEW","PASS","PASS","REVIEW","FAIL","REVIEW","FAIL","false"
"A1-CB016-LI-05","016","listening","conversation","REVIEW","PASS","PASS","REVIEW","REVIEW","REVIEW","FAIL","false"
"A1-CB016-RE-01","016","reading","information_search","FAIL","FAIL","PASS","REVIEW","FAIL","REVIEW","FAIL","false"
"A1-CB016-RE-02","016","reading","content_comprehension","REVIEW","PASS","PASS","REVIEW","FAIL","REVIEW","REVIEW","false"
"A1-CB016-RE-03","016","reading","information_search","REVIEW","PASS","PASS","REVIEW","FAIL","PASS","FAIL","false"
"A1-CB016-RE-04","016","reading","content_comprehension","REVIEW","PASS","PASS","REVIEW","FAIL","REVIEW","REVIEW","false"
"A1-CB016-RE-05","016","reading","information_search","REVIEW","PASS","PASS","REVIEW","REVIEW","PASS","FAIL","false"
"A1-CB017-SV-01","017","script_vocabulary","word_usage","FAIL","FAIL","PASS","REVIEW","FAIL","REVIEW","FAIL","false"
"A1-CB017-SV-02","017","script_vocabulary","kanji_reading","FAIL","FAIL","PASS","REVIEW","REVIEW","PASS","FAIL","false"
"A1-CB017-SV-03","017","script_vocabulary","kanji_meaning_usage","FAIL","FAIL","PASS","REVIEW","FAIL","PASS","FAIL","false"
"A1-CB017-SV-04","017","script_vocabulary","word_meaning","FAIL","FAIL","PASS","REVIEW","REVIEW","PASS","FAIL","false"
"A1-CB017-SV-05","017","script_vocabulary","word_usage","FAIL","FAIL","PASS","REVIEW","FAIL","REVIEW","FAIL","false"
"A1-CB017-CE-01","017","conversation_expression","grammar","FAIL","FAIL","PASS","REVIEW","REVIEW","PASS","REVIEW","false"
"A1-CB017-CE-02","017","conversation_expression","expression","FAIL","FAIL","PASS","REVIEW","REVIEW","PASS","REVIEW","false"
"A1-CB017-CE-03","017","conversation_expression","grammar","FAIL","FAIL","PASS","REVIEW","REVIEW","REVIEW","REVIEW","false"
"A1-CB017-CE-04","017","conversation_expression","expression","FAIL","FAIL","PASS","REVIEW","REVIEW","PASS","FAIL","false"
"A1-CB017-CE-05","017","conversation_expression","grammar","FAIL","FAIL","PASS","REVIEW","REVIEW","PASS","FAIL","false"
"A1-CB017-LI-01","017","listening","conversation","REVIEW","PASS","PASS","REVIEW","REVIEW","REVIEW","FAIL","false"
"A1-CB017-LI-02","017","listening","shop_public","REVIEW","PASS","PASS","REVIEW","REVIEW","REVIEW","FAIL","false"
"A1-CB017-LI-03","017","listening","announcement_instruction","REVIEW","PASS","PASS","REVIEW","FAIL","REVIEW","REVIEW","false"
"A1-CB017-LI-04","017","listening","conversation","REVIEW","PASS","PASS","REVIEW","REVIEW","REVIEW","FAIL","false"
"A1-CB017-LI-05","017","listening","shop_public","REVIEW","PASS","PASS","REVIEW","REVIEW","REVIEW","FAIL","false"
"A1-CB017-RE-01","017","reading","content_comprehension","REVIEW","PASS","PASS","REVIEW","FAIL","PASS","FAIL","false"
"A1-CB017-RE-02","017","reading","information_search","REVIEW","PASS","PASS","REVIEW","FAIL","REVIEW","REVIEW","false"
"A1-CB017-RE-03","017","reading","content_comprehension","REVIEW","PASS","PASS","REVIEW","FAIL","REVIEW","REVIEW","false"
"A1-CB017-RE-04","017","reading","information_search","REVIEW","PASS","PASS","REVIEW","FAIL","REVIEW","FAIL","false"
"A1-CB017-RE-05","017","reading","content_comprehension","FAIL","FAIL","PASS","REVIEW","REVIEW","PASS","REVIEW","false"
"A1-CB018-SV-01","018","script_vocabulary","kanji_reading","FAIL","FAIL","PASS","REVIEW","REVIEW","PASS","FAIL","false"
"A1-CB018-SV-02","018","script_vocabulary","kanji_meaning_usage","FAIL","FAIL","PASS","REVIEW","FAIL","PASS","FAIL","false"
"A1-CB018-SV-03","018","script_vocabulary","word_meaning","FAIL","FAIL","PASS","REVIEW","REVIEW","PASS","REVIEW","false"
"A1-CB018-SV-04","018","script_vocabulary","word_usage","FAIL","FAIL","PASS","REVIEW","FAIL","PASS","REVIEW","false"
"A1-CB018-SV-05","018","script_vocabulary","kanji_reading","FAIL","FAIL","PASS","REVIEW","REVIEW","REVIEW","FAIL","false"
"A1-CB018-CE-01","018","conversation_expression","expression","FAIL","FAIL","PASS","REVIEW","REVIEW","PASS","FAIL","false"
"A1-CB018-CE-02","018","conversation_expression","grammar","FAIL","FAIL","PASS","REVIEW","REVIEW","PASS","REVIEW","false"
"A1-CB018-CE-03","018","conversation_expression","expression","FAIL","FAIL","PASS","REVIEW","REVIEW","REVIEW","REVIEW","false"
"A1-CB018-CE-04","018","conversation_expression","grammar","FAIL","FAIL","PASS","REVIEW","REVIEW","PASS","FAIL","false"
"A1-CB018-CE-05","018","conversation_expression","expression","FAIL","FAIL","PASS","REVIEW","REVIEW","PASS","REVIEW","false"
"A1-CB018-LI-01","018","listening","shop_public","REVIEW","PASS","PASS","REVIEW","REVIEW","REVIEW","FAIL","false"
"A1-CB018-LI-02","018","listening","announcement_instruction","FAIL","FAIL","PASS","REVIEW","REVIEW","REVIEW","FAIL","false"
"A1-CB018-LI-03","018","listening","conversation","FAIL","FAIL","PASS","REVIEW","REVIEW","REVIEW","FAIL","false"
"A1-CB018-LI-04","018","listening","shop_public","REVIEW","PASS","PASS","REVIEW","REVIEW","REVIEW","FAIL","false"
"A1-CB018-LI-05","018","listening","announcement_instruction","REVIEW","PASS","PASS","REVIEW","REVIEW","REVIEW","FAIL","false"
"A1-CB018-RE-01","018","reading","information_search","REVIEW","PASS","PASS","REVIEW","FAIL","PASS","REVIEW","false"
"A1-CB018-RE-02","018","reading","content_comprehension","REVIEW","PASS","PASS","REVIEW","REVIEW","PASS","REVIEW","false"
"A1-CB018-RE-03","018","reading","information_search","REVIEW","PASS","PASS","REVIEW","REVIEW","REVIEW","FAIL","false"
"A1-CB018-RE-04","018","reading","content_comprehension","REVIEW","PASS","PASS","REVIEW","FAIL","PASS","FAIL","false"
"A1-CB018-RE-05","018","reading","information_search","REVIEW","PASS","PASS","REVIEW","FAIL","PASS","FAIL","false"
"A1-CB019-SV-01","019","script_vocabulary","kanji_meaning_usage","FAIL","FAIL","PASS","REVIEW","FAIL","PASS","FAIL","false"
"A1-CB019-SV-02","019","script_vocabulary","word_meaning","FAIL","FAIL","PASS","REVIEW","REVIEW","PASS","FAIL","false"
"A1-CB019-SV-03","019","script_vocabulary","word_usage","FAIL","FAIL","PASS","REVIEW","FAIL","PASS","FAIL","false"
"A1-CB019-SV-04","019","script_vocabulary","kanji_reading","FAIL","FAIL","PASS","REVIEW","REVIEW","PASS","FAIL","false"
"A1-CB019-SV-05","019","script_vocabulary","kanji_meaning_usage","FAIL","FAIL","PASS","REVIEW","FAIL","PASS","FAIL","false"
"A1-CB019-CE-01","019","conversation_expression","grammar","FAIL","FAIL","PASS","REVIEW","FAIL","PASS","REVIEW","false"
"A1-CB019-CE-02","019","conversation_expression","expression","FAIL","FAIL","PASS","REVIEW","FAIL","PASS","FAIL","false"
"A1-CB019-CE-03","019","conversation_expression","grammar","FAIL","FAIL","PASS","REVIEW","FAIL","PASS","REVIEW","false"
"A1-CB019-CE-04","019","conversation_expression","expression","FAIL","FAIL","PASS","REVIEW","REVIEW","REVIEW","FAIL","false"
"A1-CB019-CE-05","019","conversation_expression","grammar","FAIL","FAIL","PASS","REVIEW","FAIL","PASS","REVIEW","false"
"A1-CB019-LI-01","019","listening","announcement_instruction","FAIL","FAIL","PASS","REVIEW","FAIL","REVIEW","FAIL","false"
"A1-CB019-LI-02","019","listening","conversation","REVIEW","PASS","PASS","REVIEW","REVIEW","REVIEW","FAIL","false"
"A1-CB019-LI-03","019","listening","shop_public","REVIEW","PASS","PASS","REVIEW","REVIEW","REVIEW","FAIL","false"
"A1-CB019-LI-04","019","listening","announcement_instruction","REVIEW","PASS","PASS","REVIEW","FAIL","REVIEW","FAIL","false"
"A1-CB019-LI-05","019","listening","conversation","REVIEW","PASS","PASS","REVIEW","REVIEW","REVIEW","FAIL","false"
"A1-CB019-RE-01","019","reading","content_comprehension","REVIEW","PASS","PASS","REVIEW","FAIL","PASS","FAIL","false"
"A1-CB019-RE-02","019","reading","information_search","FAIL","FAIL","PASS","REVIEW","REVIEW","REVIEW","FAIL","false"
"A1-CB019-RE-03","019","reading","content_comprehension","FAIL","FAIL","PASS","REVIEW","REVIEW","PASS","REVIEW","false"
"A1-CB019-RE-04","019","reading","information_search","REVIEW","FAIL","PASS","REVIEW","REVIEW","PASS","REVIEW","false"
"A1-CB019-RE-05","019","reading","content_comprehension","REVIEW","PASS","PASS","REVIEW","REVIEW","PASS","REVIEW","false"
"A1-CB020-SV-01","020","script_vocabulary","word_meaning","FAIL","FAIL","PASS","REVIEW","REVIEW","PASS","FAIL","false"
"A1-CB020-SV-02","020","script_vocabulary","word_usage","FAIL","FAIL","PASS","REVIEW","FAIL","PASS","FAIL","false"
"A1-CB020-SV-03","020","script_vocabulary","kanji_reading","FAIL","FAIL","PASS","REVIEW","FAIL","PASS","FAIL","false"
"A1-CB020-SV-04","020","script_vocabulary","kanji_meaning_usage","FAIL","FAIL","PASS","REVIEW","FAIL","PASS","FAIL","false"
"A1-CB020-SV-05","020","script_vocabulary","word_meaning","FAIL","FAIL","PASS","REVIEW","REVIEW","PASS","FAIL","false"
"A1-CB020-CE-01","020","conversation_expression","expression","FAIL","FAIL","PASS","REVIEW","REVIEW","PASS","FAIL","false"
"A1-CB020-CE-02","020","conversation_expression","grammar","FAIL","FAIL","PASS","REVIEW","REVIEW","PASS","REVIEW","false"
"A1-CB020-CE-03","020","conversation_expression","expression","FAIL","FAIL","PASS","REVIEW","REVIEW","PASS","FAIL","false"
"A1-CB020-CE-04","020","conversation_expression","grammar","FAIL","FAIL","PASS","REVIEW","REVIEW","REVIEW","REVIEW","false"
"A1-CB020-CE-05","020","conversation_expression","expression","FAIL","FAIL","PASS","REVIEW","REVIEW","PASS","REVIEW","false"
"A1-CB020-LI-01","020","listening","conversation","REVIEW","PASS","PASS","REVIEW","REVIEW","REVIEW","FAIL","false"
"A1-CB020-LI-02","020","listening","shop_public","REVIEW","PASS","PASS","REVIEW","REVIEW","REVIEW","FAIL","false"
"A1-CB020-LI-03","020","listening","announcement_instruction","REVIEW","PASS","PASS","REVIEW","REVIEW","REVIEW","FAIL","false"
"A1-CB020-LI-04","020","listening","conversation","REVIEW","PASS","PASS","REVIEW","FAIL","REVIEW","FAIL","false"
"A1-CB020-LI-05","020","listening","shop_public","REVIEW","PASS","PASS","REVIEW","REVIEW","REVIEW","FAIL","false"
"A1-CB020-RE-01","020","reading","information_search","FAIL","FAIL","PASS","REVIEW","FAIL","PASS","REVIEW","false"
"A1-CB020-RE-02","020","reading","content_comprehension","REVIEW","PASS","PASS","REVIEW","REVIEW","REVIEW","REVIEW","false"
"A1-CB020-RE-03","020","reading","information_search","REVIEW","PASS","PASS","REVIEW","FAIL","PASS","REVIEW","false"
"A1-CB020-RE-04","020","reading","content_comprehension","FAIL","FAIL","PASS","REVIEW","FAIL","PASS","FAIL","false"
"A1-CB020-RE-05","020","reading","information_search","FAIL","FAIL","PASS","REVIEW","REVIEW","PASS","FAIL","false"
"A1-CB021-SV-01","021","script_vocabulary","word_usage","FAIL","FAIL","PASS","REVIEW","FAIL","REVIEW","FAIL","false"
"A1-CB021-SV-02","021","script_vocabulary","kanji_reading","FAIL","FAIL","PASS","REVIEW","FAIL","PASS","FAIL","false"
"A1-CB021-SV-03","021","script_vocabulary","kanji_meaning_usage","FAIL","FAIL","PASS","REVIEW","FAIL","PASS","FAIL","false"
"A1-CB021-SV-04","021","script_vocabulary","word_meaning","FAIL","FAIL","PASS","REVIEW","REVIEW","PASS","FAIL","false"
"A1-CB021-SV-05","021","script_vocabulary","word_usage","FAIL","FAIL","PASS","REVIEW","FAIL","REVIEW","FAIL","false"
"A1-CB021-CE-01","021","conversation_expression","grammar","FAIL","FAIL","PASS","REVIEW","REVIEW","PASS","FAIL","false"
"A1-CB021-CE-02","021","conversation_expression","expression","FAIL","FAIL","PASS","REVIEW","REVIEW","PASS","REVIEW","false"
"A1-CB021-CE-03","021","conversation_expression","grammar","FAIL","FAIL","PASS","REVIEW","REVIEW","PASS","FAIL","false"
"A1-CB021-CE-04","021","conversation_expression","expression","FAIL","FAIL","PASS","REVIEW","REVIEW","REVIEW","FAIL","false"
"A1-CB021-CE-05","021","conversation_expression","grammar","FAIL","FAIL","PASS","REVIEW","REVIEW","PASS","FAIL","false"
"A1-CB021-LI-01","021","listening","shop_public","FAIL","PASS","PASS","REVIEW","REVIEW","REVIEW","FAIL","false"
"A1-CB021-LI-02","021","listening","announcement_instruction","REVIEW","PASS","PASS","REVIEW","FAIL","REVIEW","FAIL","false"
"A1-CB021-LI-03","021","listening","conversation","REVIEW","PASS","PASS","REVIEW","FAIL","REVIEW","FAIL","false"
"A1-CB021-LI-04","021","listening","shop_public","REVIEW","PASS","PASS","REVIEW","REVIEW","REVIEW","FAIL","false"
"A1-CB021-LI-05","021","listening","announcement_instruction","REVIEW","PASS","PASS","REVIEW","FAIL","REVIEW","FAIL","false"
"A1-CB021-RE-01","021","reading","content_comprehension","REVIEW","PASS","PASS","REVIEW","FAIL","PASS","REVIEW","false"
"A1-CB021-RE-02","021","reading","information_search","REVIEW","PASS","PASS","REVIEW","FAIL","PASS","FAIL","false"
"A1-CB021-RE-03","021","reading","content_comprehension","FAIL","FAIL","PASS","REVIEW","FAIL","REVIEW","REVIEW","false"
"A1-CB021-RE-04","021","reading","information_search","FAIL","FAIL","PASS","REVIEW","FAIL","PASS","FAIL","false"
"A1-CB021-RE-05","021","reading","content_comprehension","REVIEW","PASS","PASS","REVIEW","REVIEW","REVIEW","FAIL","false"
"A1-CB022-SV-01","022","script_vocabulary","kanji_reading","FAIL","FAIL","PASS","REVIEW","REVIEW","PASS","FAIL","false"
"A1-CB022-SV-02","022","script_vocabulary","kanji_meaning_usage","FAIL","FAIL","PASS","REVIEW","FAIL","REVIEW","REVIEW","false"
"A1-CB022-SV-03","022","script_vocabulary","word_meaning","FAIL","FAIL","PASS","REVIEW","REVIEW","PASS","FAIL","false"
"A1-CB022-SV-04","022","script_vocabulary","word_usage","FAIL","FAIL","PASS","REVIEW","FAIL","REVIEW","FAIL","false"
"A1-CB022-SV-05","022","script_vocabulary","kanji_reading","FAIL","FAIL","PASS","REVIEW","FAIL","PASS","FAIL","false"
"A1-CB022-CE-01","022","conversation_expression","expression","FAIL","FAIL","PASS","REVIEW","REVIEW","PASS","FAIL","false"
"A1-CB022-CE-02","022","conversation_expression","grammar","FAIL","FAIL","PASS","REVIEW","REVIEW","REVIEW","FAIL","false"
"A1-CB022-CE-03","022","conversation_expression","expression","FAIL","FAIL","PASS","REVIEW","REVIEW","PASS","FAIL","false"
"A1-CB022-CE-04","022","conversation_expression","grammar","FAIL","FAIL","PASS","REVIEW","FAIL","PASS","FAIL","false"
"A1-CB022-CE-05","022","conversation_expression","expression","FAIL","FAIL","PASS","REVIEW","FAIL","REVIEW","FAIL","false"
"A1-CB022-LI-01","022","listening","announcement_instruction","FAIL","FAIL","PASS","REVIEW","REVIEW","REVIEW","FAIL","false"
"A1-CB022-LI-02","022","listening","conversation","FAIL","FAIL","PASS","REVIEW","REVIEW","REVIEW","FAIL","false"
"A1-CB022-LI-03","022","listening","shop_public","FAIL","FAIL","PASS","REVIEW","REVIEW","REVIEW","FAIL","false"
"A1-CB022-LI-04","022","listening","announcement_instruction","FAIL","FAIL","PASS","REVIEW","REVIEW","REVIEW","FAIL","false"
"A1-CB022-LI-05","022","listening","conversation","FAIL","FAIL","PASS","REVIEW","REVIEW","REVIEW","FAIL","false"
"A1-CB022-RE-01","022","reading","information_search","FAIL","FAIL","PASS","REVIEW","FAIL","PASS","FAIL","false"
"A1-CB022-RE-02","022","reading","content_comprehension","REVIEW","PASS","PASS","REVIEW","FAIL","REVIEW","REVIEW","false"
"A1-CB022-RE-03","022","reading","information_search","REVIEW","PASS","PASS","REVIEW","FAIL","REVIEW","REVIEW","false"
"A1-CB022-RE-04","022","reading","content_comprehension","REVIEW","PASS","PASS","REVIEW","FAIL","PASS","REVIEW","false"
"A1-CB022-RE-05","022","reading","information_search","FAIL","FAIL","PASS","REVIEW","FAIL","PASS","PASS","false"
"A1-CB023-SV-01","023","script_vocabulary","kanji_meaning_usage","FAIL","FAIL","PASS","REVIEW","FAIL","PASS","REVIEW","false"
"A1-CB023-SV-02","023","script_vocabulary","word_meaning","FAIL","FAIL","PASS","REVIEW","REVIEW","PASS","FAIL","false"
"A1-CB023-SV-03","023","script_vocabulary","word_usage","FAIL","FAIL","PASS","REVIEW","FAIL","PASS","PASS","false"
"A1-CB023-SV-04","023","script_vocabulary","kanji_reading","FAIL","FAIL","PASS","REVIEW","REVIEW","REVIEW","FAIL","false"
"A1-CB023-SV-05","023","script_vocabulary","kanji_meaning_usage","FAIL","FAIL","PASS","REVIEW","FAIL","PASS","FAIL","false"
"A1-CB023-CE-01","023","conversation_expression","grammar","FAIL","FAIL","PASS","REVIEW","REVIEW","PASS","REVIEW","false"
"A1-CB023-CE-02","023","conversation_expression","expression","FAIL","FAIL","PASS","REVIEW","REVIEW","PASS","REVIEW","false"
"A1-CB023-CE-03","023","conversation_expression","grammar","REVIEW","FAIL","PASS","REVIEW","REVIEW","PASS","FAIL","false"
"A1-CB023-CE-04","023","conversation_expression","expression","FAIL","FAIL","PASS","REVIEW","REVIEW","PASS","REVIEW","false"
"A1-CB023-CE-05","023","conversation_expression","grammar","FAIL","FAIL","PASS","REVIEW","REVIEW","PASS","FAIL","false"
"A1-CB023-LI-01","023","listening","conversation","REVIEW","PASS","PASS","REVIEW","REVIEW","REVIEW","FAIL","false"
"A1-CB023-LI-02","023","listening","shop_public","FAIL","PASS","PASS","REVIEW","FAIL","REVIEW","FAIL","false"
"A1-CB023-LI-03","023","listening","announcement_instruction","FAIL","PASS","PASS","REVIEW","FAIL","REVIEW","FAIL","false"
"A1-CB023-LI-04","023","listening","conversation","REVIEW","PASS","PASS","REVIEW","REVIEW","REVIEW","REVIEW","false"
"A1-CB023-LI-05","023","listening","shop_public","REVIEW","PASS","PASS","REVIEW","FAIL","REVIEW","FAIL","false"
"A1-CB023-RE-01","023","reading","content_comprehension","FAIL","FAIL","PASS","REVIEW","REVIEW","PASS","REVIEW","false"
"A1-CB023-RE-02","023","reading","information_search","FAIL","FAIL","PASS","REVIEW","REVIEW","REVIEW","FAIL","false"
"A1-CB023-RE-03","023","reading","content_comprehension","REVIEW","PASS","PASS","REVIEW","FAIL","PASS","FAIL","false"
"A1-CB023-RE-04","023","reading","information_search","REVIEW","PASS","PASS","REVIEW","FAIL","PASS","REVIEW","false"
"A1-CB023-RE-05","023","reading","content_comprehension","REVIEW","PASS","PASS","REVIEW","REVIEW","PASS","REVIEW","false"
"A1-CB024-SV-01","024","script_vocabulary","word_meaning","FAIL","FAIL","PASS","REVIEW","REVIEW","PASS","FAIL","false"
"A1-CB024-SV-02","024","script_vocabulary","word_usage","FAIL","FAIL","PASS","REVIEW","FAIL","REVIEW","REVIEW","false"
"A1-CB024-SV-03","024","script_vocabulary","kanji_reading","FAIL","FAIL","PASS","REVIEW","REVIEW","PASS","FAIL","false"
"A1-CB024-SV-04","024","script_vocabulary","kanji_meaning_usage","FAIL","FAIL","PASS","REVIEW","FAIL","PASS","FAIL","false"
"A1-CB024-SV-05","024","script_vocabulary","word_meaning","FAIL","FAIL","PASS","REVIEW","REVIEW","PASS","FAIL","false"
"A1-CB024-CE-01","024","conversation_expression","expression","FAIL","FAIL","PASS","REVIEW","REVIEW","PASS","REVIEW","false"
"A1-CB024-CE-02","024","conversation_expression","grammar","FAIL","FAIL","PASS","REVIEW","REVIEW","PASS","REVIEW","false"
"A1-CB024-CE-03","024","conversation_expression","expression","FAIL","FAIL","PASS","REVIEW","REVIEW","PASS","FAIL","false"
"A1-CB024-CE-04","024","conversation_expression","grammar","REVIEW","FAIL","PASS","REVIEW","REVIEW","PASS","FAIL","false"
"A1-CB024-CE-05","024","conversation_expression","expression","FAIL","FAIL","PASS","REVIEW","REVIEW","PASS","FAIL","false"
"A1-CB024-LI-01","024","listening","shop_public","FAIL","FAIL","PASS","REVIEW","FAIL","REVIEW","FAIL","false"
"A1-CB024-LI-02","024","listening","announcement_instruction","REVIEW","PASS","PASS","REVIEW","FAIL","REVIEW","FAIL","false"
"A1-CB024-LI-03","024","listening","conversation","REVIEW","PASS","PASS","REVIEW","FAIL","REVIEW","FAIL","false"
"A1-CB024-LI-04","024","listening","shop_public","FAIL","FAIL","PASS","REVIEW","REVIEW","REVIEW","FAIL","false"
"A1-CB024-LI-05","024","listening","announcement_instruction","FAIL","FAIL","PASS","REVIEW","REVIEW","REVIEW","REVIEW","false"
"A1-CB024-RE-01","024","reading","information_search","REVIEW","PASS","PASS","REVIEW","REVIEW","REVIEW","FAIL","false"
"A1-CB024-RE-02","024","reading","content_comprehension","REVIEW","PASS","PASS","REVIEW","REVIEW","PASS","REVIEW","false"
"A1-CB024-RE-03","024","reading","information_search","REVIEW","PASS","PASS","REVIEW","FAIL","PASS","FAIL","false"
"A1-CB024-RE-04","024","reading","content_comprehension","REVIEW","PASS","PASS","REVIEW","REVIEW","REVIEW","REVIEW","false"
"A1-CB024-RE-05","024","reading","information_search","FAIL","FAIL","PASS","REVIEW","REVIEW","REVIEW","FAIL","false"
"A1-CB025-SV-01","025","script_vocabulary","word_usage","FAIL","FAIL","PASS","REVIEW","FAIL","PASS","FAIL","false"
"A1-CB025-SV-02","025","script_vocabulary","kanji_reading","FAIL","FAIL","PASS","REVIEW","FAIL","PASS","FAIL","false"
"A1-CB025-SV-03","025","script_vocabulary","kanji_meaning_usage","FAIL","FAIL","PASS","REVIEW","FAIL","PASS","FAIL","false"
"A1-CB025-SV-04","025","script_vocabulary","word_meaning","FAIL","FAIL","PASS","REVIEW","REVIEW","PASS","FAIL","false"
"A1-CB025-SV-05","025","script_vocabulary","word_usage","FAIL","FAIL","PASS","REVIEW","FAIL","PASS","FAIL","false"
"A1-CB025-CE-01","025","conversation_expression","grammar","FAIL","FAIL","PASS","REVIEW","REVIEW","PASS","REVIEW","false"
"A1-CB025-CE-02","025","conversation_expression","expression","FAIL","FAIL","PASS","REVIEW","REVIEW","PASS","REVIEW","false"
"A1-CB025-CE-03","025","conversation_expression","grammar","FAIL","FAIL","PASS","REVIEW","REVIEW","REVIEW","REVIEW","false"
"A1-CB025-CE-04","025","conversation_expression","expression","FAIL","FAIL","PASS","REVIEW","REVIEW","PASS","FAIL","false"
"A1-CB025-CE-05","025","conversation_expression","grammar","FAIL","FAIL","PASS","REVIEW","REVIEW","PASS","REVIEW","false"
"A1-CB025-LI-01","025","listening","announcement_instruction","REVIEW","PASS","PASS","REVIEW","REVIEW","REVIEW","REVIEW","false"
"A1-CB025-LI-02","025","listening","conversation","REVIEW","PASS","PASS","REVIEW","REVIEW","REVIEW","FAIL","false"
"A1-CB025-LI-03","025","listening","shop_public","REVIEW","PASS","PASS","REVIEW","REVIEW","REVIEW","FAIL","false"
"A1-CB025-LI-04","025","listening","announcement_instruction","FAIL","FAIL","PASS","REVIEW","FAIL","REVIEW","FAIL","false"
"A1-CB025-LI-05","025","listening","conversation","FAIL","FAIL","PASS","REVIEW","REVIEW","REVIEW","FAIL","false"
"A1-CB025-RE-01","025","reading","content_comprehension","REVIEW","PASS","PASS","REVIEW","FAIL","REVIEW","REVIEW","false"
"A1-CB025-RE-02","025","reading","information_search","REVIEW","PASS","PASS","REVIEW","FAIL","PASS","REVIEW","false"
"A1-CB025-RE-03","025","reading","content_comprehension","FAIL","FAIL","PASS","REVIEW","FAIL","PASS","FAIL","false"
"A1-CB025-RE-04","025","reading","information_search","FAIL","FAIL","PASS","REVIEW","REVIEW","REVIEW","FAIL","false"
"A1-CB025-RE-05","025","reading","content_comprehension","FAIL","FAIL","PASS","REVIEW","REVIEW","PASS","FAIL","false"
"A1-CB026-SV-01","026","script_vocabulary","kanji_reading","FAIL","FAIL","PASS","REVIEW","FAIL","PASS","FAIL","false"
"A1-CB026-SV-02","026","script_vocabulary","kanji_meaning_usage","FAIL","FAIL","PASS","REVIEW","FAIL","PASS","FAIL","false"
"A1-CB026-SV-03","026","script_vocabulary","word_meaning","FAIL","FAIL","PASS","REVIEW","REVIEW","PASS","FAIL","false"
"A1-CB026-SV-04","026","script_vocabulary","word_usage","FAIL","FAIL","PASS","REVIEW","FAIL","PASS","REVIEW","false"
"A1-CB026-SV-05","026","script_vocabulary","kanji_reading","FAIL","FAIL","PASS","REVIEW","FAIL","PASS","FAIL","false"
"A1-CB026-CE-01","026","conversation_expression","expression","FAIL","FAIL","PASS","REVIEW","REVIEW","PASS","REVIEW","false"
"A1-CB026-CE-02","026","conversation_expression","grammar","FAIL","FAIL","PASS","REVIEW","FAIL","PASS","REVIEW","false"
"A1-CB026-CE-03","026","conversation_expression","expression","FAIL","FAIL","PASS","REVIEW","REVIEW","PASS","PASS","false"
"A1-CB026-CE-04","026","conversation_expression","grammar","FAIL","FAIL","PASS","REVIEW","FAIL","PASS","REVIEW","false"
"A1-CB026-CE-05","026","conversation_expression","expression","FAIL","FAIL","PASS","REVIEW","FAIL","PASS","FAIL","false"
"A1-CB026-LI-01","026","listening","conversation","FAIL","FAIL","PASS","REVIEW","FAIL","REVIEW","FAIL","false"
"A1-CB026-LI-02","026","listening","shop_public","FAIL","FAIL","PASS","REVIEW","FAIL","REVIEW","FAIL","false"
"A1-CB026-LI-03","026","listening","announcement_instruction","FAIL","FAIL","PASS","REVIEW","REVIEW","REVIEW","FAIL","false"
"A1-CB026-LI-04","026","listening","conversation","REVIEW","PASS","PASS","REVIEW","FAIL","REVIEW","FAIL","false"
"A1-CB026-LI-05","026","listening","shop_public","REVIEW","PASS","PASS","REVIEW","FAIL","REVIEW","FAIL","false"
"A1-CB026-RE-01","026","reading","information_search","REVIEW","PASS","PASS","REVIEW","FAIL","PASS","FAIL","false"
"A1-CB026-RE-02","026","reading","content_comprehension","REVIEW","PASS","PASS","REVIEW","FAIL","REVIEW","FAIL","false"
"A1-CB026-RE-03","026","reading","information_search","REVIEW","PASS","PASS","REVIEW","FAIL","PASS","FAIL","false"
"A1-CB026-RE-04","026","reading","content_comprehension","REVIEW","PASS","PASS","REVIEW","REVIEW","PASS","REVIEW","false"
"A1-CB026-RE-05","026","reading","information_search","REVIEW","PASS","PASS","REVIEW","FAIL","PASS","REVIEW","false"
"A1-CB027-SV-01","027","script_vocabulary","kanji_meaning_usage","FAIL","FAIL","PASS","REVIEW","FAIL","PASS","FAIL","false"
"A1-CB027-SV-02","027","script_vocabulary","word_meaning","FAIL","FAIL","PASS","REVIEW","REVIEW","PASS","FAIL","false"
"A1-CB027-SV-03","027","script_vocabulary","word_usage","FAIL","FAIL","PASS","REVIEW","FAIL","PASS","REVIEW","false"
"A1-CB027-SV-04","027","script_vocabulary","kanji_reading","FAIL","FAIL","PASS","REVIEW","FAIL","PASS","FAIL","false"
"A1-CB027-SV-05","027","script_vocabulary","kanji_meaning_usage","FAIL","FAIL","PASS","REVIEW","FAIL","PASS","FAIL","false"
"A1-CB027-CE-01","027","conversation_expression","grammar","FAIL","FAIL","PASS","REVIEW","REVIEW","PASS","REVIEW","false"
"A1-CB027-CE-02","027","conversation_expression","expression","FAIL","FAIL","PASS","REVIEW","FAIL","PASS","REVIEW","false"
"A1-CB027-CE-03","027","conversation_expression","grammar","FAIL","PASS","PASS","REVIEW","REVIEW","PASS","REVIEW","false"
"A1-CB027-CE-04","027","conversation_expression","expression","FAIL","PASS","PASS","REVIEW","FAIL","PASS","REVIEW","false"
"A1-CB027-CE-05","027","conversation_expression","grammar","FAIL","PASS","PASS","REVIEW","FAIL","PASS","FAIL","false"
"A1-CB027-LI-01","027","listening","shop_public","FAIL","PASS","PASS","REVIEW","REVIEW","REVIEW","FAIL","false"
"A1-CB027-LI-02","027","listening","announcement_instruction","FAIL","FAIL","PASS","REVIEW","FAIL","REVIEW","FAIL","false"
"A1-CB027-LI-03","027","listening","conversation","FAIL","FAIL","PASS","REVIEW","REVIEW","REVIEW","FAIL","false"
"A1-CB027-LI-04","027","listening","shop_public","REVIEW","PASS","PASS","REVIEW","REVIEW","REVIEW","FAIL","false"
"A1-CB027-LI-05","027","listening","announcement_instruction","REVIEW","PASS","PASS","REVIEW","FAIL","REVIEW","FAIL","false"
"A1-CB027-RE-01","027","reading","content_comprehension","REVIEW","PASS","PASS","REVIEW","FAIL","REVIEW","FAIL","false"
"A1-CB027-RE-02","027","reading","information_search","REVIEW","PASS","PASS","REVIEW","FAIL","REVIEW","FAIL","false"
"A1-CB027-RE-03","027","reading","content_comprehension","REVIEW","PASS","PASS","REVIEW","FAIL","REVIEW","REVIEW","false"
"A1-CB027-RE-04","027","reading","information_search","REVIEW","PASS","PASS","REVIEW","FAIL","PASS","REVIEW","false"
"A1-CB027-RE-05","027","reading","content_comprehension","REVIEW","PASS","PASS","REVIEW","FAIL","REVIEW","FAIL","false"
"A1-CB028-SV-01","028","script_vocabulary","word_meaning","FAIL","FAIL","PASS","REVIEW","REVIEW","PASS","FAIL","false"
"A1-CB028-SV-02","028","script_vocabulary","word_usage","FAIL","FAIL","PASS","REVIEW","FAIL","PASS","FAIL","false"
"A1-CB028-SV-03","028","script_vocabulary","kanji_reading","FAIL","FAIL","PASS","REVIEW","REVIEW","REVIEW","FAIL","false"
"A1-CB028-SV-04","028","script_vocabulary","kanji_meaning_usage","FAIL","FAIL","PASS","REVIEW","FAIL","PASS","FAIL","false"
"A1-CB028-SV-05","028","script_vocabulary","word_meaning","FAIL","FAIL","PASS","REVIEW","REVIEW","PASS","FAIL","false"
"A1-CB028-CE-01","028","conversation_expression","expression","FAIL","FAIL","PASS","REVIEW","REVIEW","REVIEW","FAIL","false"
"A1-CB028-CE-02","028","conversation_expression","grammar","FAIL","FAIL","PASS","REVIEW","FAIL","REVIEW","REVIEW","false"
"A1-CB028-CE-03","028","conversation_expression","expression","FAIL","FAIL","PASS","REVIEW","REVIEW","PASS","REVIEW","false"
"A1-CB028-CE-04","028","conversation_expression","grammar","FAIL","FAIL","PASS","REVIEW","REVIEW","REVIEW","REVIEW","false"
"A1-CB028-CE-05","028","conversation_expression","expression","FAIL","FAIL","PASS","REVIEW","REVIEW","PASS","REVIEW","false"
"A1-CB028-LI-01","028","listening","announcement_instruction","FAIL","FAIL","PASS","REVIEW","REVIEW","REVIEW","FAIL","false"
"A1-CB028-LI-02","028","listening","conversation","REVIEW","PASS","PASS","REVIEW","REVIEW","REVIEW","FAIL","false"
"A1-CB028-LI-03","028","listening","shop_public","FAIL","FAIL","PASS","REVIEW","REVIEW","REVIEW","REVIEW","false"
"A1-CB028-LI-04","028","listening","announcement_instruction","FAIL","FAIL","PASS","REVIEW","REVIEW","REVIEW","FAIL","false"
"A1-CB028-LI-05","028","listening","conversation","FAIL","FAIL","PASS","REVIEW","REVIEW","REVIEW","FAIL","false"
"A1-CB028-RE-01","028","reading","information_search","REVIEW","PASS","PASS","REVIEW","REVIEW","PASS","FAIL","false"
"A1-CB028-RE-02","028","reading","content_comprehension","REVIEW","PASS","PASS","REVIEW","FAIL","PASS","FAIL","false"
"A1-CB028-RE-03","028","reading","information_search","FAIL","FAIL","PASS","REVIEW","FAIL","PASS","FAIL","false"
"A1-CB028-RE-04","028","reading","content_comprehension","FAIL","FAIL","PASS","REVIEW","FAIL","PASS","REVIEW","false"
"A1-CB028-RE-05","028","reading","information_search","REVIEW","PASS","PASS","REVIEW","FAIL","REVIEW","FAIL","false"
"A1-CB029-SV-01","029","script_vocabulary","word_usage","FAIL","FAIL","PASS","REVIEW","FAIL","PASS","REVIEW","false"
"A1-CB029-SV-02","029","script_vocabulary","kanji_reading","FAIL","FAIL","PASS","REVIEW","REVIEW","PASS","FAIL","false"
"A1-CB029-SV-03","029","script_vocabulary","kanji_meaning_usage","FAIL","FAIL","PASS","REVIEW","FAIL","REVIEW","FAIL","false"
"A1-CB029-SV-04","029","script_vocabulary","word_meaning","FAIL","FAIL","PASS","REVIEW","REVIEW","PASS","FAIL","false"
"A1-CB029-SV-05","029","script_vocabulary","word_usage","FAIL","FAIL","PASS","REVIEW","FAIL","REVIEW","FAIL","false"
"A1-CB029-CE-01","029","conversation_expression","grammar","FAIL","FAIL","PASS","REVIEW","REVIEW","PASS","FAIL","false"
"A1-CB029-CE-02","029","conversation_expression","expression","FAIL","FAIL","PASS","REVIEW","REVIEW","PASS","REVIEW","false"
"A1-CB029-CE-03","029","conversation_expression","grammar","FAIL","FAIL","PASS","REVIEW","REVIEW","PASS","REVIEW","false"
"A1-CB029-CE-04","029","conversation_expression","expression","FAIL","FAIL","PASS","REVIEW","REVIEW","PASS","FAIL","false"
"A1-CB029-CE-05","029","conversation_expression","grammar","FAIL","FAIL","PASS","REVIEW","FAIL","PASS","REVIEW","false"
"A1-CB029-LI-01","029","listening","conversation","REVIEW","PASS","PASS","REVIEW","REVIEW","REVIEW","FAIL","false"
"A1-CB029-LI-02","029","listening","shop_public","REVIEW","PASS","PASS","REVIEW","REVIEW","REVIEW","FAIL","false"
"A1-CB029-LI-03","029","listening","announcement_instruction","FAIL","FAIL","PASS","REVIEW","REVIEW","REVIEW","FAIL","false"
"A1-CB029-LI-04","029","listening","conversation","REVIEW","PASS","PASS","REVIEW","REVIEW","REVIEW","FAIL","false"
"A1-CB029-LI-05","029","listening","shop_public","REVIEW","PASS","PASS","REVIEW","REVIEW","REVIEW","FAIL","false"
"A1-CB029-RE-01","029","reading","content_comprehension","REVIEW","PASS","PASS","REVIEW","REVIEW","PASS","REVIEW","false"
"A1-CB029-RE-02","029","reading","information_search","REVIEW","PASS","PASS","REVIEW","FAIL","PASS","REVIEW","false"
"A1-CB029-RE-03","029","reading","content_comprehension","FAIL","FAIL","PASS","REVIEW","REVIEW","PASS","REVIEW","false"
"A1-CB029-RE-04","029","reading","information_search","FAIL","FAIL","PASS","REVIEW","FAIL","PASS","REVIEW","false"
"A1-CB029-RE-05","029","reading","content_comprehension","REVIEW","PASS","PASS","REVIEW","FAIL","PASS","REVIEW","false"
"A1-CB030-SV-01","030","script_vocabulary","kanji_reading","FAIL","FAIL","PASS","REVIEW","FAIL","PASS","FAIL","false"
"A1-CB030-SV-02","030","script_vocabulary","kanji_meaning_usage","FAIL","FAIL","PASS","REVIEW","FAIL","PASS","FAIL","false"
"A1-CB030-SV-03","030","script_vocabulary","word_meaning","FAIL","FAIL","PASS","REVIEW","REVIEW","PASS","FAIL","false"
"A1-CB030-SV-04","030","script_vocabulary","word_usage","FAIL","FAIL","PASS","REVIEW","FAIL","PASS","REVIEW","false"
"A1-CB030-SV-05","030","script_vocabulary","kanji_reading","FAIL","FAIL","PASS","REVIEW","REVIEW","PASS","FAIL","false"
"A1-CB030-CE-01","030","conversation_expression","expression","FAIL","FAIL","PASS","REVIEW","REVIEW","PASS","REVIEW","false"
"A1-CB030-CE-02","030","conversation_expression","grammar","FAIL","FAIL","PASS","REVIEW","REVIEW","PASS","REVIEW","false"
"A1-CB030-CE-03","030","conversation_expression","expression","FAIL","FAIL","PASS","REVIEW","REVIEW","PASS","REVIEW","false"
"A1-CB030-CE-04","030","conversation_expression","grammar","FAIL","FAIL","PASS","REVIEW","REVIEW","PASS","REVIEW","false"
"A1-CB030-CE-05","030","conversation_expression","expression","FAIL","FAIL","PASS","REVIEW","REVIEW","PASS","REVIEW","false"
"A1-CB030-LI-01","030","listening","shop_public","REVIEW","PASS","PASS","REVIEW","FAIL","REVIEW","FAIL","false"
"A1-CB030-LI-02","030","listening","announcement_instruction","FAIL","FAIL","PASS","REVIEW","FAIL","REVIEW","FAIL","false"
"A1-CB030-LI-03","030","listening","conversation","FAIL","FAIL","PASS","REVIEW","REVIEW","REVIEW","FAIL","false"
"A1-CB030-LI-04","030","listening","shop_public","REVIEW","PASS","PASS","REVIEW","FAIL","REVIEW","FAIL","false"
"A1-CB030-LI-05","030","listening","announcement_instruction","REVIEW","PASS","PASS","REVIEW","FAIL","REVIEW","FAIL","false"
"A1-CB030-RE-01","030","reading","information_search","FAIL","FAIL","PASS","REVIEW","FAIL","PASS","FAIL","false"
"A1-CB030-RE-02","030","reading","content_comprehension","FAIL","FAIL","PASS","REVIEW","FAIL","PASS","FAIL","false"
"A1-CB030-RE-03","030","reading","information_search","FAIL","FAIL","PASS","REVIEW","REVIEW","PASS","FAIL","false"
"A1-CB030-RE-04","030","reading","content_comprehension","FAIL","FAIL","PASS","REVIEW","REVIEW","PASS","REVIEW","false"
"A1-CB030-RE-05","030","reading","information_search","REVIEW","PASS","PASS","REVIEW","FAIL","PASS","FAIL","false"
"A1-CB031-SV-01","031","script_vocabulary","kanji_meaning_usage","FAIL","FAIL","PASS","REVIEW","FAIL","PASS","FAIL","false"
"A1-CB031-SV-02","031","script_vocabulary","word_meaning","FAIL","FAIL","PASS","REVIEW","REVIEW","PASS","FAIL","false"
"A1-CB031-SV-03","031","script_vocabulary","word_usage","FAIL","FAIL","PASS","REVIEW","FAIL","PASS","FAIL","false"
"A1-CB031-SV-04","031","script_vocabulary","kanji_reading","FAIL","FAIL","PASS","REVIEW","FAIL","PASS","FAIL","false"
"A1-CB031-SV-05","031","script_vocabulary","kanji_meaning_usage","FAIL","FAIL","PASS","REVIEW","FAIL","PASS","REVIEW","false"
"A1-CB031-CE-01","031","conversation_expression","grammar","FAIL","FAIL","PASS","REVIEW","REVIEW","PASS","FAIL","false"
"A1-CB031-CE-02","031","conversation_expression","expression","FAIL","FAIL","PASS","REVIEW","REVIEW","PASS","FAIL","false"
"A1-CB031-CE-03","031","conversation_expression","grammar","FAIL","FAIL","PASS","REVIEW","REVIEW","PASS","REVIEW","false"
"A1-CB031-CE-04","031","conversation_expression","expression","FAIL","FAIL","PASS","REVIEW","REVIEW","PASS","FAIL","false"
"A1-CB031-CE-05","031","conversation_expression","grammar","FAIL","FAIL","PASS","REVIEW","REVIEW","PASS","FAIL","false"
"A1-CB031-LI-01","031","listening","announcement_instruction","FAIL","FAIL","PASS","REVIEW","FAIL","REVIEW","FAIL","false"
"A1-CB031-LI-02","031","listening","conversation","FAIL","FAIL","PASS","REVIEW","REVIEW","REVIEW","FAIL","false"
"A1-CB031-LI-03","031","listening","shop_public","FAIL","PASS","PASS","REVIEW","REVIEW","REVIEW","FAIL","false"
"A1-CB031-LI-04","031","listening","announcement_instruction","FAIL","FAIL","PASS","REVIEW","REVIEW","REVIEW","REVIEW","false"
"A1-CB031-LI-05","031","listening","conversation","REVIEW","PASS","PASS","REVIEW","FAIL","REVIEW","FAIL","false"
"A1-CB031-RE-01","031","reading","content_comprehension","REVIEW","PASS","PASS","REVIEW","REVIEW","REVIEW","FAIL","false"
"A1-CB031-RE-02","031","reading","information_search","REVIEW","PASS","PASS","REVIEW","FAIL","PASS","REVIEW","false"
"A1-CB031-RE-03","031","reading","content_comprehension","REVIEW","PASS","PASS","REVIEW","REVIEW","PASS","REVIEW","false"
"A1-CB031-RE-04","031","reading","information_search","FAIL","FAIL","PASS","REVIEW","FAIL","PASS","REVIEW","false"
"A1-CB031-RE-05","031","reading","content_comprehension","FAIL","FAIL","PASS","REVIEW","FAIL","REVIEW","REVIEW","false"
"A1-CB032-SV-01","032","script_vocabulary","word_meaning","FAIL","FAIL","PASS","REVIEW","REVIEW","PASS","FAIL","false"
"A1-CB032-SV-02","032","script_vocabulary","word_usage","FAIL","FAIL","PASS","REVIEW","FAIL","PASS","FAIL","false"
"A1-CB032-SV-03","032","script_vocabulary","kanji_reading","FAIL","FAIL","PASS","REVIEW","FAIL","PASS","FAIL","false"
"A1-CB032-SV-04","032","script_vocabulary","kanji_meaning_usage","FAIL","FAIL","PASS","REVIEW","FAIL","PASS","FAIL","false"
"A1-CB032-SV-05","032","script_vocabulary","word_meaning","FAIL","FAIL","PASS","REVIEW","REVIEW","PASS","REVIEW","false"
"A1-CB032-CE-01","032","conversation_expression","expression","FAIL","FAIL","PASS","REVIEW","REVIEW","REVIEW","REVIEW","false"
"A1-CB032-CE-02","032","conversation_expression","grammar","FAIL","FAIL","PASS","REVIEW","REVIEW","PASS","REVIEW","false"
"A1-CB032-CE-03","032","conversation_expression","expression","FAIL","FAIL","PASS","REVIEW","REVIEW","PASS","REVIEW","false"
"A1-CB032-CE-04","032","conversation_expression","grammar","FAIL","FAIL","PASS","REVIEW","REVIEW","PASS","FAIL","false"
"A1-CB032-CE-05","032","conversation_expression","expression","FAIL","FAIL","PASS","REVIEW","REVIEW","PASS","FAIL","false"
"A1-CB032-LI-01","032","listening","conversation","REVIEW","PASS","PASS","REVIEW","REVIEW","REVIEW","FAIL","false"
"A1-CB032-LI-02","032","listening","shop_public","REVIEW","PASS","PASS","REVIEW","REVIEW","REVIEW","FAIL","false"
"A1-CB032-LI-03","032","listening","announcement_instruction","FAIL","PASS","PASS","REVIEW","REVIEW","REVIEW","FAIL","false"
"A1-CB032-LI-04","032","listening","conversation","REVIEW","PASS","PASS","REVIEW","FAIL","REVIEW","FAIL","false"
"A1-CB032-LI-05","032","listening","shop_public","REVIEW","PASS","PASS","REVIEW","REVIEW","REVIEW","FAIL","false"
"A1-CB032-RE-01","032","reading","information_search","REVIEW","PASS","PASS","REVIEW","FAIL","REVIEW","FAIL","false"
"A1-CB032-RE-02","032","reading","content_comprehension","REVIEW","PASS","PASS","REVIEW","FAIL","REVIEW","REVIEW","false"
"A1-CB032-RE-03","032","reading","information_search","REVIEW","PASS","PASS","REVIEW","FAIL","PASS","FAIL","false"
"A1-CB032-RE-04","032","reading","content_comprehension","REVIEW","PASS","PASS","REVIEW","FAIL","REVIEW","FAIL","false"
"A1-CB032-RE-05","032","reading","information_search","REVIEW","PASS","PASS","REVIEW","REVIEW","PASS","FAIL","false"
"A1-CB033-SV-01","033","script_vocabulary","word_usage","FAIL","FAIL","PASS","REVIEW","FAIL","PASS","FAIL","false"
"A1-CB033-SV-02","033","script_vocabulary","kanji_reading","FAIL","FAIL","PASS","REVIEW","REVIEW","PASS","FAIL","false"
"A1-CB033-SV-03","033","script_vocabulary","kanji_meaning_usage","FAIL","FAIL","PASS","REVIEW","FAIL","PASS","FAIL","false"
"A1-CB033-SV-04","033","script_vocabulary","word_meaning","FAIL","FAIL","PASS","REVIEW","REVIEW","PASS","FAIL","false"
"A1-CB033-SV-05","033","script_vocabulary","word_usage","FAIL","FAIL","PASS","REVIEW","FAIL","PASS","FAIL","false"
"A1-CB033-CE-01","033","conversation_expression","grammar","FAIL","FAIL","PASS","REVIEW","REVIEW","PASS","REVIEW","false"
"A1-CB033-CE-02","033","conversation_expression","expression","FAIL","FAIL","PASS","REVIEW","REVIEW","PASS","FAIL","false"
"A1-CB033-CE-03","033","conversation_expression","grammar","FAIL","FAIL","PASS","REVIEW","REVIEW","PASS","FAIL","false"
"A1-CB033-CE-04","033","conversation_expression","expression","FAIL","FAIL","PASS","REVIEW","REVIEW","PASS","REVIEW","false"
"A1-CB033-CE-05","033","conversation_expression","grammar","FAIL","FAIL","PASS","REVIEW","REVIEW","PASS","REVIEW","false"
"A1-CB033-LI-01","033","listening","shop_public","FAIL","FAIL","PASS","REVIEW","REVIEW","REVIEW","FAIL","false"
"A1-CB033-LI-02","033","listening","announcement_instruction","REVIEW","PASS","PASS","REVIEW","REVIEW","REVIEW","FAIL","false"
"A1-CB033-LI-03","033","listening","conversation","REVIEW","PASS","PASS","REVIEW","REVIEW","REVIEW","FAIL","false"
"A1-CB033-LI-04","033","listening","shop_public","REVIEW","PASS","PASS","REVIEW","REVIEW","REVIEW","FAIL","false"
"A1-CB033-LI-05","033","listening","announcement_instruction","REVIEW","PASS","PASS","REVIEW","REVIEW","REVIEW","FAIL","false"
"A1-CB033-RE-01","033","reading","content_comprehension","FAIL","FAIL","PASS","REVIEW","FAIL","PASS","FAIL","false"
"A1-CB033-RE-02","033","reading","information_search","FAIL","FAIL","PASS","REVIEW","FAIL","PASS","FAIL","false"
"A1-CB033-RE-03","033","reading","content_comprehension","FAIL","FAIL","PASS","REVIEW","FAIL","PASS","REVIEW","false"
"A1-CB033-RE-04","033","reading","information_search","REVIEW","PASS","PASS","REVIEW","FAIL","REVIEW","REVIEW","false"
"A1-CB033-RE-05","033","reading","content_comprehension","REVIEW","PASS","PASS","REVIEW","FAIL","PASS","FAIL","false"
"A1-CB034-SV-01","034","script_vocabulary","kanji_reading","FAIL","FAIL","PASS","REVIEW","REVIEW","PASS","FAIL","false"
"A1-CB034-SV-02","034","script_vocabulary","kanji_meaning_usage","FAIL","FAIL","PASS","REVIEW","FAIL","PASS","FAIL","false"
"A1-CB034-SV-03","034","script_vocabulary","word_meaning","FAIL","FAIL","PASS","REVIEW","REVIEW","PASS","REVIEW","false"
"A1-CB034-SV-04","034","script_vocabulary","word_usage","FAIL","FAIL","PASS","REVIEW","FAIL","PASS","FAIL","false"
"A1-CB034-SV-05","034","script_vocabulary","kanji_reading","FAIL","FAIL","PASS","REVIEW","REVIEW","PASS","FAIL","false"
"A1-CB034-CE-01","034","conversation_expression","expression","FAIL","FAIL","PASS","REVIEW","REVIEW","PASS","REVIEW","false"
"A1-CB034-CE-02","034","conversation_expression","grammar","FAIL","FAIL","PASS","REVIEW","REVIEW","PASS","REVIEW","false"
"A1-CB034-CE-03","034","conversation_expression","expression","FAIL","FAIL","PASS","REVIEW","REVIEW","PASS","FAIL","false"
"A1-CB034-CE-04","034","conversation_expression","grammar","FAIL","FAIL","PASS","REVIEW","REVIEW","PASS","FAIL","false"
"A1-CB034-CE-05","034","conversation_expression","expression","FAIL","FAIL","PASS","REVIEW","REVIEW","PASS","FAIL","false"
"A1-CB034-LI-01","034","listening","announcement_instruction","REVIEW","PASS","PASS","REVIEW","FAIL","REVIEW","FAIL","false"
"A1-CB034-LI-02","034","listening","conversation","FAIL","FAIL","PASS","REVIEW","REVIEW","REVIEW","FAIL","false"
"A1-CB034-LI-03","034","listening","shop_public","FAIL","PASS","PASS","REVIEW","REVIEW","REVIEW","FAIL","false"
"A1-CB034-LI-04","034","listening","announcement_instruction","FAIL","FAIL","PASS","REVIEW","REVIEW","REVIEW","FAIL","false"
"A1-CB034-LI-05","034","listening","conversation","REVIEW","PASS","PASS","REVIEW","REVIEW","REVIEW","FAIL","false"
"A1-CB034-RE-01","034","reading","information_search","REVIEW","PASS","PASS","REVIEW","FAIL","PASS","PASS","false"
"A1-CB034-RE-02","034","reading","content_comprehension","FAIL","FAIL","PASS","REVIEW","REVIEW","PASS","REVIEW","false"
"A1-CB034-RE-03","034","reading","information_search","FAIL","FAIL","PASS","REVIEW","REVIEW","PASS","REVIEW","false"
"A1-CB034-RE-04","034","reading","content_comprehension","FAIL","FAIL","PASS","REVIEW","FAIL","PASS","REVIEW","false"
"A1-CB034-RE-05","034","reading","information_search","REVIEW","PASS","PASS","REVIEW","FAIL","PASS","REVIEW","false"
"A1-CB035-SV-01","035","script_vocabulary","kanji_meaning_usage","FAIL","FAIL","PASS","REVIEW","FAIL","PASS","FAIL","false"
"A1-CB035-SV-02","035","script_vocabulary","word_meaning","FAIL","FAIL","PASS","REVIEW","REVIEW","PASS","FAIL","false"
"A1-CB035-SV-03","035","script_vocabulary","word_usage","FAIL","FAIL","PASS","REVIEW","FAIL","PASS","FAIL","false"
"A1-CB035-SV-04","035","script_vocabulary","kanji_reading","FAIL","FAIL","PASS","REVIEW","REVIEW","PASS","FAIL","false"
"A1-CB035-SV-05","035","script_vocabulary","kanji_meaning_usage","FAIL","FAIL","PASS","REVIEW","FAIL","PASS","FAIL","false"
"A1-CB035-CE-01","035","conversation_expression","grammar","FAIL","FAIL","PASS","REVIEW","REVIEW","PASS","REVIEW","false"
"A1-CB035-CE-02","035","conversation_expression","expression","FAIL","FAIL","PASS","REVIEW","REVIEW","PASS","REVIEW","false"
"A1-CB035-CE-03","035","conversation_expression","grammar","FAIL","FAIL","PASS","REVIEW","REVIEW","PASS","REVIEW","false"
"A1-CB035-CE-04","035","conversation_expression","expression","FAIL","FAIL","PASS","REVIEW","FAIL","PASS","REVIEW","false"
"A1-CB035-CE-05","035","conversation_expression","grammar","FAIL","FAIL","PASS","REVIEW","REVIEW","PASS","FAIL","false"
"A1-CB035-LI-01","035","listening","conversation","REVIEW","PASS","PASS","REVIEW","FAIL","REVIEW","FAIL","false"
"A1-CB035-LI-02","035","listening","shop_public","FAIL","FAIL","PASS","REVIEW","REVIEW","REVIEW","FAIL","false"
"A1-CB035-LI-03","035","listening","announcement_instruction","REVIEW","PASS","PASS","REVIEW","REVIEW","REVIEW","FAIL","false"
"A1-CB035-LI-04","035","listening","conversation","REVIEW","PASS","PASS","REVIEW","FAIL","REVIEW","FAIL","false"
"A1-CB035-LI-05","035","listening","shop_public","REVIEW","PASS","PASS","REVIEW","REVIEW","REVIEW","FAIL","false"
"A1-CB035-RE-01","035","reading","content_comprehension","FAIL","FAIL","PASS","REVIEW","FAIL","PASS","REVIEW","false"
"A1-CB035-RE-02","035","reading","information_search","FAIL","FAIL","PASS","REVIEW","REVIEW","PASS","FAIL","false"
"A1-CB035-RE-03","035","reading","content_comprehension","FAIL","FAIL","PASS","REVIEW","REVIEW","PASS","REVIEW","false"
"A1-CB035-RE-04","035","reading","information_search","FAIL","FAIL","PASS","REVIEW","FAIL","PASS","REVIEW","false"
"A1-CB035-RE-05","035","reading","content_comprehension","FAIL","FAIL","PASS","REVIEW","REVIEW","PASS","REVIEW","false"
"A1-CB036-SV-01","036","script_vocabulary","word_meaning","FAIL","FAIL","PASS","REVIEW","REVIEW","PASS","FAIL","false"
"A1-CB036-SV-02","036","script_vocabulary","word_usage","FAIL","FAIL","PASS","REVIEW","FAIL","PASS","FAIL","false"
"A1-CB036-SV-03","036","script_vocabulary","kanji_reading","FAIL","FAIL","PASS","REVIEW","FAIL","PASS","FAIL","false"
"A1-CB036-SV-04","036","script_vocabulary","kanji_meaning_usage","FAIL","FAIL","PASS","REVIEW","FAIL","PASS","FAIL","false"
"A1-CB036-SV-05","036","script_vocabulary","word_meaning","FAIL","FAIL","PASS","REVIEW","REVIEW","PASS","FAIL","false"
"A1-CB036-CE-01","036","conversation_expression","expression","FAIL","FAIL","PASS","REVIEW","REVIEW","PASS","FAIL","false"
"A1-CB036-CE-02","036","conversation_expression","grammar","FAIL","FAIL","PASS","REVIEW","REVIEW","PASS","REVIEW","false"
"A1-CB036-CE-03","036","conversation_expression","expression","FAIL","FAIL","PASS","REVIEW","REVIEW","PASS","REVIEW","false"
"A1-CB036-CE-04","036","conversation_expression","grammar","FAIL","FAIL","PASS","REVIEW","REVIEW","PASS","REVIEW","false"
"A1-CB036-CE-05","036","conversation_expression","expression","FAIL","FAIL","PASS","REVIEW","REVIEW","PASS","FAIL","false"
"A1-CB036-LI-01","036","listening","shop_public","REVIEW","PASS","PASS","REVIEW","FAIL","REVIEW","FAIL","false"
"A1-CB036-LI-02","036","listening","announcement_instruction","REVIEW","PASS","PASS","REVIEW","FAIL","REVIEW","FAIL","false"
"A1-CB036-LI-03","036","listening","conversation","REVIEW","PASS","PASS","REVIEW","REVIEW","REVIEW","FAIL","false"
"A1-CB036-LI-04","036","listening","shop_public","REVIEW","PASS","PASS","REVIEW","REVIEW","REVIEW","FAIL","false"
"A1-CB036-LI-05","036","listening","announcement_instruction","REVIEW","PASS","PASS","REVIEW","REVIEW","REVIEW","FAIL","false"
"A1-CB036-RE-01","036","reading","information_search","FAIL","FAIL","PASS","REVIEW","FAIL","PASS","REVIEW","false"
"A1-CB036-RE-02","036","reading","content_comprehension","REVIEW","PASS","PASS","REVIEW","FAIL","PASS","REVIEW","false"
"A1-CB036-RE-03","036","reading","information_search","REVIEW","PASS","PASS","REVIEW","FAIL","PASS","REVIEW","false"
"A1-CB036-RE-04","036","reading","content_comprehension","REVIEW","PASS","PASS","REVIEW","FAIL","PASS","FAIL","false"
"A1-CB036-RE-05","036","reading","information_search","REVIEW","PASS","PASS","REVIEW","REVIEW","REVIEW","FAIL","false"
"A1-CB037-SV-01","037","script_vocabulary","word_usage","FAIL","FAIL","PASS","REVIEW","FAIL","PASS","FAIL","false"
"A1-CB037-SV-02","037","script_vocabulary","kanji_reading","FAIL","FAIL","PASS","REVIEW","FAIL","PASS","FAIL","false"
"A1-CB037-SV-03","037","script_vocabulary","kanji_meaning_usage","FAIL","FAIL","PASS","REVIEW","FAIL","PASS","FAIL","false"
"A1-CB037-SV-04","037","script_vocabulary","word_meaning","FAIL","FAIL","PASS","REVIEW","REVIEW","PASS","FAIL","false"
"A1-CB037-SV-05","037","script_vocabulary","word_usage","FAIL","FAIL","PASS","REVIEW","FAIL","PASS","FAIL","false"
"A1-CB037-CE-01","037","conversation_expression","grammar","FAIL","FAIL","PASS","REVIEW","REVIEW","PASS","REVIEW","false"
"A1-CB037-CE-02","037","conversation_expression","expression","FAIL","FAIL","PASS","REVIEW","REVIEW","PASS","REVIEW","false"
"A1-CB037-CE-03","037","conversation_expression","grammar","FAIL","FAIL","PASS","REVIEW","REVIEW","PASS","REVIEW","false"
"A1-CB037-CE-04","037","conversation_expression","expression","FAIL","FAIL","PASS","REVIEW","REVIEW","PASS","FAIL","false"
"A1-CB037-CE-05","037","conversation_expression","grammar","FAIL","PASS","PASS","REVIEW","REVIEW","PASS","FAIL","false"
"A1-CB037-LI-01","037","listening","announcement_instruction","REVIEW","PASS","PASS","REVIEW","REVIEW","REVIEW","REVIEW","false"
"A1-CB037-LI-02","037","listening","conversation","REVIEW","PASS","PASS","REVIEW","REVIEW","REVIEW","FAIL","false"
"A1-CB037-LI-03","037","listening","shop_public","REVIEW","PASS","PASS","REVIEW","FAIL","REVIEW","REVIEW","false"
"A1-CB037-LI-04","037","listening","announcement_instruction","FAIL","FAIL","PASS","REVIEW","REVIEW","REVIEW","FAIL","false"
"A1-CB037-LI-05","037","listening","conversation","REVIEW","PASS","PASS","REVIEW","FAIL","REVIEW","FAIL","false"
"A1-CB037-RE-01","037","reading","content_comprehension","REVIEW","PASS","PASS","REVIEW","FAIL","PASS","REVIEW","false"
"A1-CB037-RE-02","037","reading","information_search","REVIEW","PASS","PASS","REVIEW","FAIL","PASS","FAIL","false"
"A1-CB037-RE-03","037","reading","content_comprehension","FAIL","FAIL","PASS","REVIEW","FAIL","REVIEW","FAIL","false"
"A1-CB037-RE-04","037","reading","information_search","REVIEW","PASS","PASS","REVIEW","REVIEW","PASS","FAIL","false"
"A1-CB037-RE-05","037","reading","content_comprehension","REVIEW","PASS","PASS","REVIEW","REVIEW","PASS","REVIEW","false"
"A1-CB038-SV-01","038","script_vocabulary","kanji_reading","FAIL","FAIL","PASS","REVIEW","REVIEW","PASS","REVIEW","false"
"A1-CB038-SV-02","038","script_vocabulary","kanji_meaning_usage","FAIL","FAIL","PASS","REVIEW","FAIL","PASS","FAIL","false"
"A1-CB038-SV-03","038","script_vocabulary","word_meaning","FAIL","FAIL","PASS","REVIEW","REVIEW","PASS","REVIEW","false"
"A1-CB038-SV-04","038","script_vocabulary","word_usage","FAIL","FAIL","PASS","REVIEW","FAIL","REVIEW","FAIL","false"
"A1-CB038-SV-05","038","script_vocabulary","kanji_reading","FAIL","FAIL","PASS","REVIEW","FAIL","PASS","FAIL","false"
"A1-CB038-CE-01","038","conversation_expression","expression","FAIL","PASS","PASS","REVIEW","FAIL","PASS","REVIEW","false"
"A1-CB038-CE-02","038","conversation_expression","grammar","FAIL","FAIL","PASS","REVIEW","FAIL","PASS","REVIEW","false"
"A1-CB038-CE-03","038","conversation_expression","expression","FAIL","FAIL","PASS","REVIEW","FAIL","PASS","FAIL","false"
"A1-CB038-CE-04","038","conversation_expression","grammar","FAIL","PASS","PASS","REVIEW","REVIEW","PASS","REVIEW","false"
"A1-CB038-CE-05","038","conversation_expression","expression","FAIL","FAIL","PASS","REVIEW","REVIEW","PASS","FAIL","false"
"A1-CB038-LI-01","038","listening","conversation","FAIL","FAIL","PASS","REVIEW","REVIEW","REVIEW","FAIL","false"
"A1-CB038-LI-02","038","listening","shop_public","FAIL","PASS","PASS","REVIEW","FAIL","REVIEW","FAIL","false"
"A1-CB038-LI-03","038","listening","announcement_instruction","REVIEW","PASS","PASS","REVIEW","FAIL","REVIEW","FAIL","false"
"A1-CB038-LI-04","038","listening","conversation","FAIL","FAIL","PASS","REVIEW","REVIEW","REVIEW","FAIL","false"
"A1-CB038-LI-05","038","listening","shop_public","REVIEW","PASS","PASS","REVIEW","FAIL","REVIEW","FAIL","false"
"A1-CB038-RE-01","038","reading","information_search","REVIEW","PASS","PASS","REVIEW","FAIL","PASS","REVIEW","false"
"A1-CB038-RE-02","038","reading","content_comprehension","FAIL","FAIL","PASS","REVIEW","FAIL","PASS","REVIEW","false"
"A1-CB038-RE-03","038","reading","information_search","FAIL","FAIL","PASS","REVIEW","FAIL","REVIEW","REVIEW","false"
"A1-CB038-RE-04","038","reading","content_comprehension","REVIEW","PASS","PASS","REVIEW","FAIL","PASS","PASS","false"
"A1-CB038-RE-05","038","reading","information_search","REVIEW","PASS","PASS","REVIEW","FAIL","PASS","FAIL","false"
"A1-CB039-SV-01","039","script_vocabulary","kanji_meaning_usage","FAIL","FAIL","PASS","REVIEW","REVIEW","PASS","PASS","false"
"A1-CB039-SV-02","039","script_vocabulary","word_meaning","FAIL","FAIL","PASS","REVIEW","REVIEW","PASS","FAIL","false"
"A1-CB039-SV-03","039","script_vocabulary","word_usage","FAIL","FAIL","PASS","REVIEW","FAIL","PASS","FAIL","false"
"A1-CB039-SV-04","039","script_vocabulary","kanji_reading","FAIL","FAIL","PASS","REVIEW","REVIEW","PASS","FAIL","false"
"A1-CB039-SV-05","039","script_vocabulary","kanji_meaning_usage","FAIL","FAIL","PASS","REVIEW","FAIL","PASS","REVIEW","false"
"A1-CB039-CE-01","039","conversation_expression","grammar","FAIL","FAIL","PASS","REVIEW","REVIEW","PASS","FAIL","false"
"A1-CB039-CE-02","039","conversation_expression","expression","FAIL","FAIL","PASS","REVIEW","REVIEW","PASS","REVIEW","false"
"A1-CB039-CE-03","039","conversation_expression","grammar","FAIL","FAIL","PASS","REVIEW","REVIEW","PASS","FAIL","false"
"A1-CB039-CE-04","039","conversation_expression","expression","FAIL","FAIL","PASS","REVIEW","REVIEW","PASS","FAIL","false"
"A1-CB039-CE-05","039","conversation_expression","grammar","FAIL","FAIL","PASS","REVIEW","REVIEW","PASS","REVIEW","false"
"A1-CB039-LI-01","039","listening","shop_public","REVIEW","PASS","PASS","REVIEW","FAIL","REVIEW","FAIL","false"
"A1-CB039-LI-02","039","listening","announcement_instruction","FAIL","PASS","PASS","REVIEW","FAIL","REVIEW","FAIL","false"
"A1-CB039-LI-03","039","listening","conversation","REVIEW","PASS","PASS","REVIEW","FAIL","REVIEW","FAIL","false"
"A1-CB039-LI-04","039","listening","shop_public","FAIL","PASS","PASS","REVIEW","FAIL","REVIEW","REVIEW","false"
"A1-CB039-LI-05","039","listening","announcement_instruction","REVIEW","PASS","PASS","REVIEW","FAIL","REVIEW","FAIL","false"
"A1-CB039-RE-01","039","reading","content_comprehension","REVIEW","PASS","PASS","REVIEW","REVIEW","PASS","REVIEW","false"
"A1-CB039-RE-02","039","reading","information_search","FAIL","FAIL","PASS","REVIEW","REVIEW","REVIEW","FAIL","false"
"A1-CB039-RE-03","039","reading","content_comprehension","REVIEW","PASS","PASS","REVIEW","FAIL","PASS","REVIEW","false"
"A1-CB039-RE-04","039","reading","information_search","REVIEW","PASS","PASS","REVIEW","FAIL","PASS","FAIL","false"
"A1-CB039-RE-05","039","reading","content_comprehension","REVIEW","PASS","PASS","REVIEW","REVIEW","PASS","REVIEW","false"
"A1-CB040-SV-01","040","script_vocabulary","word_meaning","FAIL","FAIL","PASS","REVIEW","REVIEW","PASS","FAIL","false"
"A1-CB040-SV-02","040","script_vocabulary","word_usage","FAIL","FAIL","PASS","REVIEW","FAIL","PASS","FAIL","false"
"A1-CB040-SV-03","040","script_vocabulary","kanji_reading","FAIL","FAIL","PASS","REVIEW","REVIEW","PASS","FAIL","false"
"A1-CB040-SV-04","040","script_vocabulary","kanji_meaning_usage","FAIL","FAIL","PASS","REVIEW","FAIL","PASS","FAIL","false"
"A1-CB040-SV-05","040","script_vocabulary","word_meaning","FAIL","FAIL","PASS","REVIEW","REVIEW","PASS","FAIL","false"
"A1-CB040-CE-01","040","conversation_expression","expression","FAIL","FAIL","PASS","REVIEW","REVIEW","PASS","FAIL","false"
"A1-CB040-CE-02","040","conversation_expression","grammar","FAIL","FAIL","PASS","REVIEW","REVIEW","PASS","FAIL","false"
"A1-CB040-CE-03","040","conversation_expression","expression","FAIL","FAIL","PASS","REVIEW","REVIEW","REVIEW","FAIL","false"
"A1-CB040-CE-04","040","conversation_expression","grammar","FAIL","FAIL","PASS","REVIEW","REVIEW","PASS","REVIEW","false"
"A1-CB040-CE-05","040","conversation_expression","expression","FAIL","FAIL","PASS","REVIEW","REVIEW","PASS","REVIEW","false"
"A1-CB040-LI-01","040","listening","announcement_instruction","REVIEW","PASS","PASS","REVIEW","FAIL","REVIEW","FAIL","false"
"A1-CB040-LI-02","040","listening","conversation","REVIEW","PASS","PASS","REVIEW","REVIEW","REVIEW","FAIL","false"
"A1-CB040-LI-03","040","listening","shop_public","REVIEW","PASS","PASS","REVIEW","REVIEW","REVIEW","FAIL","false"
"A1-CB040-LI-04","040","listening","announcement_instruction","FAIL","FAIL","PASS","REVIEW","REVIEW","REVIEW","FAIL","false"
"A1-CB040-LI-05","040","listening","conversation","FAIL","FAIL","PASS","REVIEW","REVIEW","REVIEW","FAIL","false"
"A1-CB040-RE-01","040","reading","information_search","FAIL","FAIL","PASS","REVIEW","REVIEW","PASS","REVIEW","false"
"A1-CB040-RE-02","040","reading","content_comprehension","FAIL","FAIL","PASS","REVIEW","REVIEW","PASS","FAIL","false"
"A1-CB040-RE-03","040","reading","information_search","FAIL","FAIL","PASS","REVIEW","FAIL","PASS","REVIEW","false"
"A1-CB040-RE-04","040","reading","content_comprehension","FAIL","FAIL","PASS","REVIEW","REVIEW","PASS","REVIEW","false"
"A1-CB040-RE-05","040","reading","information_search","REVIEW","PASS","PASS","REVIEW","FAIL","PASS","FAIL","false"
"A1-CB041-SV-01","041","script_vocabulary","word_usage","FAIL","FAIL","PASS","REVIEW","FAIL","PASS","FAIL","false"
"A1-CB041-SV-02","041","script_vocabulary","kanji_reading","FAIL","FAIL","PASS","REVIEW","FAIL","PASS","FAIL","false"
"A1-CB041-SV-03","041","script_vocabulary","kanji_meaning_usage","FAIL","FAIL","PASS","REVIEW","FAIL","PASS","FAIL","false"
"A1-CB041-SV-04","041","script_vocabulary","word_meaning","FAIL","FAIL","PASS","REVIEW","REVIEW","PASS","FAIL","false"
"A1-CB041-SV-05","041","script_vocabulary","word_usage","FAIL","FAIL","PASS","REVIEW","FAIL","PASS","FAIL","false"
"A1-CB041-CE-01","041","conversation_expression","grammar","REVIEW","FAIL","PASS","REVIEW","REVIEW","PASS","REVIEW","false"
"A1-CB041-CE-02","041","conversation_expression","expression","FAIL","FAIL","PASS","REVIEW","REVIEW","PASS","FAIL","false"
"A1-CB041-CE-03","041","conversation_expression","grammar","FAIL","FAIL","PASS","REVIEW","REVIEW","PASS","REVIEW","false"
"A1-CB041-CE-04","041","conversation_expression","expression","FAIL","FAIL","PASS","REVIEW","REVIEW","PASS","FAIL","false"
"A1-CB041-CE-05","041","conversation_expression","grammar","FAIL","FAIL","PASS","REVIEW","REVIEW","PASS","REVIEW","false"
"A1-CB041-LI-01","041","listening","conversation","FAIL","FAIL","PASS","REVIEW","FAIL","REVIEW","REVIEW","false"
"A1-CB041-LI-02","041","listening","shop_public","REVIEW","PASS","PASS","REVIEW","REVIEW","REVIEW","FAIL","false"
"A1-CB041-LI-03","041","listening","announcement_instruction","FAIL","PASS","PASS","REVIEW","REVIEW","REVIEW","FAIL","false"
"A1-CB041-LI-04","041","listening","conversation","REVIEW","PASS","PASS","REVIEW","FAIL","REVIEW","FAIL","false"
"A1-CB041-LI-05","041","listening","shop_public","FAIL","PASS","PASS","REVIEW","REVIEW","REVIEW","FAIL","false"
"A1-CB041-RE-01","041","reading","content_comprehension","REVIEW","PASS","PASS","REVIEW","REVIEW","REVIEW","FAIL","false"
"A1-CB041-RE-02","041","reading","information_search","REVIEW","PASS","PASS","REVIEW","FAIL","PASS","REVIEW","false"
"A1-CB041-RE-03","041","reading","content_comprehension","FAIL","FAIL","PASS","REVIEW","FAIL","PASS","FAIL","false"
"A1-CB041-RE-04","041","reading","information_search","FAIL","FAIL","PASS","REVIEW","REVIEW","PASS","FAIL","false"
"A1-CB041-RE-05","041","reading","content_comprehension","FAIL","FAIL","PASS","REVIEW","REVIEW","PASS","FAIL","false"
"A1-CB042-SV-01","042","script_vocabulary","kanji_reading","FAIL","FAIL","PASS","REVIEW","FAIL","REVIEW","FAIL","false"
"A1-CB042-SV-02","042","script_vocabulary","kanji_meaning_usage","FAIL","FAIL","PASS","REVIEW","FAIL","PASS","FAIL","false"
"A1-CB042-SV-03","042","script_vocabulary","word_meaning","FAIL","FAIL","PASS","REVIEW","REVIEW","PASS","FAIL","false"
"A1-CB042-SV-04","042","script_vocabulary","word_usage","FAIL","FAIL","PASS","REVIEW","FAIL","PASS","FAIL","false"
"A1-CB042-SV-05","042","script_vocabulary","kanji_reading","FAIL","FAIL","PASS","REVIEW","FAIL","PASS","FAIL","false"
"A1-CB042-CE-01","042","conversation_expression","expression","FAIL","FAIL","PASS","REVIEW","REVIEW","PASS","FAIL","false"
"A1-CB042-CE-02","042","conversation_expression","grammar","REVIEW","FAIL","PASS","REVIEW","REVIEW","PASS","FAIL","false"
"A1-CB042-CE-03","042","conversation_expression","expression","FAIL","FAIL","PASS","REVIEW","REVIEW","PASS","REVIEW","false"
"A1-CB042-CE-04","042","conversation_expression","grammar","FAIL","FAIL","PASS","REVIEW","REVIEW","PASS","REVIEW","false"
"A1-CB042-CE-05","042","conversation_expression","expression","FAIL","FAIL","PASS","REVIEW","REVIEW","PASS","REVIEW","false"
"A1-CB042-LI-01","042","listening","shop_public","FAIL","FAIL","PASS","REVIEW","REVIEW","REVIEW","FAIL","false"
"A1-CB042-LI-02","042","listening","announcement_instruction","REVIEW","PASS","PASS","REVIEW","FAIL","REVIEW","FAIL","false"
"A1-CB042-LI-03","042","listening","conversation","FAIL","FAIL","PASS","REVIEW","REVIEW","REVIEW","FAIL","false"
"A1-CB042-LI-04","042","listening","shop_public","FAIL","PASS","PASS","REVIEW","REVIEW","REVIEW","FAIL","false"
"A1-CB042-LI-05","042","listening","announcement_instruction","REVIEW","PASS","PASS","REVIEW","REVIEW","REVIEW","PASS","false"
"A1-CB042-RE-01","042","reading","information_search","FAIL","FAIL","PASS","REVIEW","FAIL","PASS","FAIL","false"
"A1-CB042-RE-02","042","reading","content_comprehension","FAIL","FAIL","PASS","REVIEW","FAIL","REVIEW","REVIEW","false"
"A1-CB042-RE-03","042","reading","information_search","REVIEW","PASS","PASS","REVIEW","FAIL","PASS","FAIL","false"
"A1-CB042-RE-04","042","reading","content_comprehension","REVIEW","PASS","PASS","REVIEW","REVIEW","REVIEW","FAIL","false"
"A1-CB042-RE-05","042","reading","information_search","FAIL","FAIL","PASS","REVIEW","FAIL","PASS","REVIEW","false"
"A1-CB043-SV-01","043","script_vocabulary","kanji_meaning_usage","FAIL","FAIL","PASS","REVIEW","FAIL","PASS","FAIL","false"
"A1-CB043-SV-02","043","script_vocabulary","word_meaning","FAIL","FAIL","PASS","REVIEW","REVIEW","PASS","FAIL","false"
"A1-CB043-SV-03","043","script_vocabulary","word_usage","FAIL","FAIL","PASS","REVIEW","FAIL","PASS","REVIEW","false"
"A1-CB043-SV-04","043","script_vocabulary","kanji_reading","FAIL","FAIL","PASS","REVIEW","FAIL","PASS","FAIL","false"
"A1-CB043-SV-05","043","script_vocabulary","kanji_meaning_usage","FAIL","FAIL","PASS","REVIEW","FAIL","PASS","FAIL","false"
"A1-CB043-CE-01","043","conversation_expression","grammar","FAIL","FAIL","PASS","REVIEW","REVIEW","PASS","FAIL","false"
"A1-CB043-CE-02","043","conversation_expression","expression","FAIL","FAIL","PASS","REVIEW","FAIL","PASS","FAIL","false"
"A1-CB043-CE-03","043","conversation_expression","grammar","FAIL","FAIL","PASS","REVIEW","REVIEW","PASS","REVIEW","false"
"A1-CB043-CE-04","043","conversation_expression","expression","FAIL","FAIL","PASS","REVIEW","REVIEW","PASS","FAIL","false"
"A1-CB043-CE-05","043","conversation_expression","grammar","FAIL","FAIL","PASS","REVIEW","REVIEW","PASS","REVIEW","false"
"A1-CB043-LI-01","043","listening","announcement_instruction","REVIEW","PASS","PASS","REVIEW","FAIL","REVIEW","FAIL","false"
"A1-CB043-LI-02","043","listening","conversation","REVIEW","FAIL","PASS","REVIEW","REVIEW","REVIEW","REVIEW","false"
"A1-CB043-LI-03","043","listening","shop_public","REVIEW","PASS","PASS","REVIEW","REVIEW","REVIEW","FAIL","false"
"A1-CB043-LI-04","043","listening","announcement_instruction","FAIL","FAIL","PASS","REVIEW","FAIL","REVIEW","FAIL","false"
"A1-CB043-LI-05","043","listening","conversation","FAIL","FAIL","PASS","REVIEW","FAIL","REVIEW","FAIL","false"
"A1-CB043-RE-01","043","reading","content_comprehension","FAIL","FAIL","PASS","REVIEW","FAIL","PASS","REVIEW","false"
"A1-CB043-RE-02","043","reading","information_search","REVIEW","PASS","PASS","REVIEW","FAIL","REVIEW","FAIL","false"
"A1-CB043-RE-03","043","reading","content_comprehension","REVIEW","PASS","PASS","REVIEW","FAIL","PASS","REVIEW","false"
"A1-CB043-RE-04","043","reading","information_search","FAIL","FAIL","PASS","REVIEW","FAIL","PASS","FAIL","false"
"A1-CB043-RE-05","043","reading","content_comprehension","REVIEW","PASS","PASS","REVIEW","FAIL","REVIEW","FAIL","false"
"A1-CB044-SV-01","044","script_vocabulary","word_meaning","FAIL","FAIL","PASS","REVIEW","REVIEW","PASS","FAIL","false"
"A1-CB044-SV-02","044","script_vocabulary","word_usage","FAIL","FAIL","PASS","REVIEW","FAIL","REVIEW","FAIL","false"
"A1-CB044-SV-03","044","script_vocabulary","kanji_reading","FAIL","FAIL","PASS","REVIEW","REVIEW","REVIEW","FAIL","false"
"A1-CB044-SV-04","044","script_vocabulary","kanji_meaning_usage","FAIL","FAIL","PASS","REVIEW","FAIL","PASS","FAIL","false"
"A1-CB044-SV-05","044","script_vocabulary","word_meaning","FAIL","FAIL","PASS","REVIEW","REVIEW","REVIEW","FAIL","false"
"A1-CB044-CE-01","044","conversation_expression","expression","FAIL","FAIL","PASS","REVIEW","REVIEW","PASS","FAIL","false"
"A1-CB044-CE-02","044","conversation_expression","grammar","FAIL","FAIL","PASS","FAIL","REVIEW","PASS","REVIEW","false"
"A1-CB044-CE-03","044","conversation_expression","expression","FAIL","FAIL","PASS","REVIEW","FAIL","PASS","REVIEW","false"
"A1-CB044-CE-04","044","conversation_expression","grammar","FAIL","FAIL","PASS","REVIEW","REVIEW","PASS","REVIEW","false"
"A1-CB044-CE-05","044","conversation_expression","expression","FAIL","FAIL","PASS","REVIEW","REVIEW","PASS","FAIL","false"
"A1-CB044-LI-01","044","listening","conversation","REVIEW","PASS","PASS","REVIEW","REVIEW","REVIEW","FAIL","false"
"A1-CB044-LI-02","044","listening","shop_public","REVIEW","PASS","PASS","REVIEW","FAIL","REVIEW","FAIL","false"
"A1-CB044-LI-03","044","listening","announcement_instruction","REVIEW","PASS","PASS","REVIEW","FAIL","REVIEW","FAIL","false"
"A1-CB044-LI-04","044","listening","conversation","REVIEW","PASS","PASS","REVIEW","REVIEW","REVIEW","FAIL","false"
"A1-CB044-LI-05","044","listening","shop_public","REVIEW","PASS","PASS","REVIEW","FAIL","REVIEW","FAIL","false"
"A1-CB044-RE-01","044","reading","information_search","REVIEW","PASS","PASS","REVIEW","REVIEW","REVIEW","FAIL","false"
"A1-CB044-RE-02","044","reading","content_comprehension","FAIL","FAIL","PASS","REVIEW","FAIL","PASS","REVIEW","false"
"A1-CB044-RE-03","044","reading","information_search","FAIL","FAIL","PASS","REVIEW","FAIL","PASS","FAIL","false"
"A1-CB044-RE-04","044","reading","content_comprehension","FAIL","FAIL","PASS","REVIEW","REVIEW","PASS","REVIEW","false"
"A1-CB044-RE-05","044","reading","information_search","REVIEW","PASS","PASS","REVIEW","FAIL","REVIEW","FAIL","false"
"A1-CB045-SV-01","045","script_vocabulary","word_usage","FAIL","FAIL","PASS","REVIEW","FAIL","PASS","REVIEW","false"
"A1-CB045-SV-02","045","script_vocabulary","kanji_reading","FAIL","FAIL","PASS","REVIEW","REVIEW","PASS","FAIL","false"
"A1-CB045-SV-03","045","script_vocabulary","kanji_meaning_usage","FAIL","FAIL","PASS","REVIEW","FAIL","PASS","FAIL","false"
"A1-CB045-SV-04","045","script_vocabulary","word_meaning","FAIL","FAIL","PASS","REVIEW","REVIEW","PASS","FAIL","false"
"A1-CB045-SV-05","045","script_vocabulary","word_usage","FAIL","FAIL","PASS","REVIEW","FAIL","REVIEW","REVIEW","false"
"A1-CB045-CE-01","045","conversation_expression","grammar","FAIL","FAIL","PASS","REVIEW","FAIL","PASS","REVIEW","false"
"A1-CB045-CE-02","045","conversation_expression","expression","FAIL","FAIL","PASS","REVIEW","REVIEW","PASS","REVIEW","false"
"A1-CB045-CE-03","045","conversation_expression","grammar","FAIL","FAIL","PASS","REVIEW","FAIL","PASS","REVIEW","false"
"A1-CB045-CE-04","045","conversation_expression","expression","REVIEW","FAIL","PASS","REVIEW","FAIL","PASS","REVIEW","false"
"A1-CB045-CE-05","045","conversation_expression","grammar","FAIL","FAIL","PASS","REVIEW","REVIEW","PASS","REVIEW","false"
"A1-CB045-LI-01","045","listening","shop_public","FAIL","FAIL","PASS","REVIEW","REVIEW","REVIEW","FAIL","false"
"A1-CB045-LI-02","045","listening","announcement_instruction","REVIEW","PASS","PASS","REVIEW","FAIL","REVIEW","FAIL","false"
"A1-CB045-LI-03","045","listening","conversation","FAIL","FAIL","PASS","REVIEW","REVIEW","REVIEW","FAIL","false"
"A1-CB045-LI-04","045","listening","shop_public","REVIEW","PASS","PASS","REVIEW","REVIEW","REVIEW","FAIL","false"
"A1-CB045-LI-05","045","listening","announcement_instruction","REVIEW","PASS","PASS","REVIEW","REVIEW","REVIEW","FAIL","false"
"A1-CB045-RE-01","045","reading","content_comprehension","FAIL","FAIL","PASS","REVIEW","REVIEW","REVIEW","REVIEW","false"
"A1-CB045-RE-02","045","reading","information_search","REVIEW","PASS","PASS","REVIEW","FAIL","PASS","REVIEW","false"
"A1-CB045-RE-03","045","reading","content_comprehension","REVIEW","PASS","PASS","REVIEW","REVIEW","PASS","FAIL","false"
"A1-CB045-RE-04","045","reading","information_search","REVIEW","PASS","PASS","REVIEW","REVIEW","REVIEW","FAIL","false"
"A1-CB045-RE-05","045","reading","content_comprehension","REVIEW","PASS","PASS","REVIEW","FAIL","PASS","FAIL","false"
"A1-CB046-SV-01","046","script_vocabulary","kanji_reading","FAIL","FAIL","PASS","REVIEW","FAIL","PASS","FAIL","false"
"A1-CB046-SV-02","046","script_vocabulary","kanji_meaning_usage","FAIL","FAIL","PASS","REVIEW","FAIL","PASS","FAIL","false"
"A1-CB046-SV-03","046","script_vocabulary","word_meaning","FAIL","FAIL","PASS","REVIEW","REVIEW","PASS","FAIL","false"
"A1-CB046-SV-04","046","script_vocabulary","word_usage","FAIL","FAIL","PASS","REVIEW","FAIL","PASS","FAIL","false"
"A1-CB046-SV-05","046","script_vocabulary","kanji_reading","FAIL","FAIL","PASS","REVIEW","REVIEW","PASS","FAIL","false"
"A1-CB046-CE-01","046","conversation_expression","expression","FAIL","FAIL","PASS","REVIEW","REVIEW","PASS","REVIEW","false"
"A1-CB046-CE-02","046","conversation_expression","grammar","FAIL","FAIL","PASS","REVIEW","REVIEW","PASS","REVIEW","false"
"A1-CB046-CE-03","046","conversation_expression","expression","FAIL","FAIL","PASS","REVIEW","REVIEW","PASS","REVIEW","false"
"A1-CB046-CE-04","046","conversation_expression","grammar","FAIL","FAIL","PASS","REVIEW","REVIEW","REVIEW","FAIL","false"
"A1-CB046-CE-05","046","conversation_expression","expression","FAIL","FAIL","PASS","REVIEW","REVIEW","PASS","REVIEW","false"
"A1-CB046-LI-01","046","listening","announcement_instruction","REVIEW","PASS","PASS","REVIEW","REVIEW","REVIEW","FAIL","false"
"A1-CB046-LI-02","046","listening","conversation","REVIEW","PASS","PASS","REVIEW","FAIL","REVIEW","FAIL","false"
"A1-CB046-LI-03","046","listening","shop_public","FAIL","PASS","PASS","REVIEW","REVIEW","REVIEW","FAIL","false"
"A1-CB046-LI-04","046","listening","announcement_instruction","FAIL","PASS","PASS","REVIEW","REVIEW","REVIEW","FAIL","false"
"A1-CB046-LI-05","046","listening","conversation","REVIEW","PASS","PASS","REVIEW","REVIEW","REVIEW","FAIL","false"
"A1-CB046-RE-01","046","reading","information_search","FAIL","FAIL","PASS","REVIEW","FAIL","PASS","REVIEW","false"
"A1-CB046-RE-02","046","reading","content_comprehension","FAIL","FAIL","PASS","REVIEW","FAIL","PASS","FAIL","false"
"A1-CB046-RE-03","046","reading","information_search","FAIL","FAIL","PASS","REVIEW","REVIEW","REVIEW","FAIL","false"
"A1-CB046-RE-04","046","reading","content_comprehension","FAIL","FAIL","PASS","REVIEW","REVIEW","PASS","REVIEW","false"
"A1-CB046-RE-05","046","reading","information_search","FAIL","FAIL","PASS","REVIEW","FAIL","PASS","REVIEW","false"
"A1-CB047-SV-01","047","script_vocabulary","kanji_meaning_usage","FAIL","FAIL","PASS","REVIEW","FAIL","PASS","FAIL","false"
"A1-CB047-SV-02","047","script_vocabulary","word_meaning","FAIL","FAIL","PASS","REVIEW","REVIEW","PASS","FAIL","false"
"A1-CB047-SV-03","047","script_vocabulary","word_usage","FAIL","FAIL","PASS","REVIEW","FAIL","PASS","FAIL","false"
"A1-CB047-SV-04","047","script_vocabulary","kanji_reading","FAIL","FAIL","PASS","REVIEW","FAIL","REVIEW","FAIL","false"
"A1-CB047-SV-05","047","script_vocabulary","kanji_meaning_usage","FAIL","FAIL","PASS","REVIEW","FAIL","PASS","FAIL","false"
"A1-CB047-CE-01","047","conversation_expression","grammar","FAIL","FAIL","PASS","REVIEW","FAIL","REVIEW","REVIEW","false"
"A1-CB047-CE-02","047","conversation_expression","expression","FAIL","FAIL","PASS","REVIEW","FAIL","PASS","REVIEW","false"
"A1-CB047-CE-03","047","conversation_expression","grammar","FAIL","FAIL","PASS","REVIEW","REVIEW","PASS","REVIEW","false"
"A1-CB047-CE-04","047","conversation_expression","expression","FAIL","FAIL","PASS","REVIEW","FAIL","REVIEW","REVIEW","false"
"A1-CB047-CE-05","047","conversation_expression","grammar","FAIL","FAIL","PASS","REVIEW","FAIL","PASS","REVIEW","false"
"A1-CB047-LI-01","047","listening","conversation","REVIEW","PASS","PASS","REVIEW","FAIL","REVIEW","FAIL","false"
"A1-CB047-LI-02","047","listening","shop_public","FAIL","FAIL","PASS","REVIEW","REVIEW","REVIEW","REVIEW","false"
"A1-CB047-LI-03","047","listening","announcement_instruction","REVIEW","PASS","PASS","REVIEW","FAIL","REVIEW","FAIL","false"
"A1-CB047-LI-04","047","listening","conversation","REVIEW","PASS","PASS","REVIEW","REVIEW","REVIEW","REVIEW","false"
"A1-CB047-LI-05","047","listening","shop_public","FAIL","PASS","PASS","REVIEW","REVIEW","REVIEW","FAIL","false"
"A1-CB047-RE-01","047","reading","content_comprehension","REVIEW","PASS","PASS","REVIEW","FAIL","REVIEW","FAIL","false"
"A1-CB047-RE-02","047","reading","information_search","REVIEW","PASS","PASS","REVIEW","FAIL","PASS","FAIL","false"
"A1-CB047-RE-03","047","reading","content_comprehension","REVIEW","PASS","PASS","REVIEW","FAIL","PASS","REVIEW","false"
"A1-CB047-RE-04","047","reading","information_search","REVIEW","PASS","PASS","REVIEW","FAIL","PASS","FAIL","false"
"A1-CB047-RE-05","047","reading","content_comprehension","REVIEW","PASS","PASS","REVIEW","FAIL","PASS","REVIEW","false"
"A1-CB048-SV-01","048","script_vocabulary","word_meaning","FAIL","FAIL","PASS","REVIEW","REVIEW","REVIEW","FAIL","false"
"A1-CB048-SV-02","048","script_vocabulary","word_usage","FAIL","FAIL","PASS","REVIEW","FAIL","PASS","FAIL","false"
"A1-CB048-SV-03","048","script_vocabulary","kanji_reading","FAIL","FAIL","PASS","REVIEW","FAIL","PASS","FAIL","false"
"A1-CB048-SV-04","048","script_vocabulary","kanji_meaning_usage","FAIL","FAIL","PASS","REVIEW","FAIL","PASS","FAIL","false"
"A1-CB048-SV-05","048","script_vocabulary","word_meaning","FAIL","FAIL","PASS","REVIEW","REVIEW","PASS","FAIL","false"
"A1-CB048-CE-01","048","conversation_expression","expression","FAIL","FAIL","PASS","REVIEW","REVIEW","PASS","REVIEW","false"
"A1-CB048-CE-02","048","conversation_expression","grammar","FAIL","PASS","PASS","REVIEW","REVIEW","REVIEW","REVIEW","false"
"A1-CB048-CE-03","048","conversation_expression","expression","FAIL","FAIL","PASS","REVIEW","REVIEW","PASS","FAIL","false"
"A1-CB048-CE-04","048","conversation_expression","grammar","FAIL","FAIL","PASS","REVIEW","REVIEW","PASS","FAIL","false"
"A1-CB048-CE-05","048","conversation_expression","expression","REVIEW","FAIL","PASS","REVIEW","REVIEW","PASS","FAIL","false"
"A1-CB048-LI-01","048","listening","shop_public","REVIEW","PASS","PASS","REVIEW","FAIL","REVIEW","FAIL","false"
"A1-CB048-LI-02","048","listening","announcement_instruction","REVIEW","PASS","PASS","REVIEW","REVIEW","REVIEW","FAIL","false"
"A1-CB048-LI-03","048","listening","conversation","REVIEW","PASS","PASS","REVIEW","REVIEW","REVIEW","FAIL","false"
"A1-CB048-LI-04","048","listening","shop_public","REVIEW","PASS","PASS","REVIEW","FAIL","REVIEW","FAIL","false"
"A1-CB048-LI-05","048","listening","announcement_instruction","FAIL","FAIL","PASS","REVIEW","REVIEW","REVIEW","FAIL","false"
"A1-CB048-RE-01","048","reading","information_search","REVIEW","PASS","PASS","REVIEW","FAIL","REVIEW","REVIEW","false"
"A1-CB048-RE-02","048","reading","content_comprehension","REVIEW","PASS","PASS","REVIEW","REVIEW","PASS","REVIEW","false"
"A1-CB048-RE-03","048","reading","information_search","REVIEW","PASS","PASS","REVIEW","FAIL","PASS","FAIL","false"
"A1-CB048-RE-04","048","reading","content_comprehension","REVIEW","PASS","PASS","REVIEW","FAIL","REVIEW","FAIL","false"
"A1-CB048-RE-05","048","reading","information_search","REVIEW","PASS","PASS","REVIEW","FAIL","PASS","FAIL","false"
"A1-CB049-SV-01","049","script_vocabulary","word_usage","FAIL","FAIL","PASS","REVIEW","FAIL","REVIEW","FAIL","false"
"A1-CB049-SV-02","049","script_vocabulary","kanji_reading","FAIL","FAIL","PASS","REVIEW","REVIEW","PASS","FAIL","false"
"A1-CB049-SV-03","049","script_vocabulary","kanji_meaning_usage","FAIL","FAIL","PASS","REVIEW","FAIL","PASS","REVIEW","false"
"A1-CB049-SV-04","049","script_vocabulary","word_meaning","FAIL","FAIL","PASS","REVIEW","REVIEW","PASS","FAIL","false"
"A1-CB049-SV-05","049","script_vocabulary","word_usage","FAIL","FAIL","PASS","REVIEW","FAIL","PASS","FAIL","false"
"A1-CB049-CE-01","049","conversation_expression","grammar","FAIL","FAIL","PASS","REVIEW","REVIEW","PASS","REVIEW","false"
"A1-CB049-CE-02","049","conversation_expression","expression","FAIL","FAIL","PASS","REVIEW","REVIEW","PASS","REVIEW","false"
"A1-CB049-CE-03","049","conversation_expression","grammar","FAIL","FAIL","PASS","REVIEW","REVIEW","PASS","REVIEW","false"
"A1-CB049-CE-04","049","conversation_expression","expression","FAIL","FAIL","PASS","REVIEW","REVIEW","PASS","REVIEW","false"
"A1-CB049-CE-05","049","conversation_expression","grammar","FAIL","FAIL","PASS","REVIEW","REVIEW","PASS","REVIEW","false"
"A1-CB049-LI-01","049","listening","announcement_instruction","REVIEW","PASS","PASS","REVIEW","REVIEW","REVIEW","FAIL","false"
"A1-CB049-LI-02","049","listening","conversation","REVIEW","PASS","PASS","REVIEW","REVIEW","REVIEW","FAIL","false"
"A1-CB049-LI-03","049","listening","shop_public","REVIEW","PASS","PASS","REVIEW","REVIEW","REVIEW","FAIL","false"
"A1-CB049-LI-04","049","listening","announcement_instruction","REVIEW","PASS","PASS","REVIEW","REVIEW","REVIEW","FAIL","false"
"A1-CB049-LI-05","049","listening","conversation","REVIEW","PASS","PASS","REVIEW","REVIEW","REVIEW","FAIL","false"
"A1-CB049-RE-01","049","reading","content_comprehension","REVIEW","PASS","PASS","REVIEW","FAIL","PASS","REVIEW","false"
"A1-CB049-RE-02","049","reading","information_search","REVIEW","PASS","PASS","REVIEW","FAIL","PASS","FAIL","false"
"A1-CB049-RE-03","049","reading","content_comprehension","REVIEW","PASS","PASS","REVIEW","FAIL","REVIEW","FAIL","false"
"A1-CB049-RE-04","049","reading","information_search","REVIEW","PASS","PASS","REVIEW","FAIL","REVIEW","FAIL","false"
"A1-CB049-RE-05","049","reading","content_comprehension","REVIEW","PASS","PASS","REVIEW","REVIEW","PASS","REVIEW","false"
"A1-CB050-SV-01","050","script_vocabulary","kanji_reading","FAIL","FAIL","PASS","REVIEW","REVIEW","PASS","FAIL","false"
"A1-CB050-SV-02","050","script_vocabulary","kanji_meaning_usage","FAIL","FAIL","PASS","REVIEW","FAIL","PASS","FAIL","false"
"A1-CB050-SV-03","050","script_vocabulary","word_meaning","FAIL","FAIL","PASS","REVIEW","REVIEW","PASS","REVIEW","false"
"A1-CB050-SV-04","050","script_vocabulary","word_usage","FAIL","FAIL","PASS","REVIEW","FAIL","REVIEW","FAIL","false"
"A1-CB050-SV-05","050","script_vocabulary","kanji_reading","FAIL","FAIL","PASS","REVIEW","REVIEW","PASS","FAIL","false"
"A1-CB050-CE-01","050","conversation_expression","expression","FAIL","FAIL","PASS","REVIEW","REVIEW","PASS","FAIL","false"
"A1-CB050-CE-02","050","conversation_expression","grammar","FAIL","FAIL","PASS","REVIEW","REVIEW","PASS","REVIEW","false"
"A1-CB050-CE-03","050","conversation_expression","expression","FAIL","FAIL","PASS","REVIEW","REVIEW","PASS","FAIL","false"
"A1-CB050-CE-04","050","conversation_expression","grammar","FAIL","FAIL","PASS","REVIEW","REVIEW","PASS","FAIL","false"
"A1-CB050-CE-05","050","conversation_expression","expression","FAIL","FAIL","PASS","REVIEW","REVIEW","PASS","FAIL","false"
"A1-CB050-LI-01","050","listening","conversation","REVIEW","PASS","PASS","REVIEW","FAIL","REVIEW","FAIL","false"
"A1-CB050-LI-02","050","listening","shop_public","FAIL","FAIL","PASS","REVIEW","REVIEW","REVIEW","FAIL","false"
"A1-CB050-LI-03","050","listening","announcement_instruction","REVIEW","PASS","PASS","REVIEW","REVIEW","REVIEW","FAIL","false"
"A1-CB050-LI-04","050","listening","conversation","REVIEW","PASS","PASS","REVIEW","REVIEW","REVIEW","FAIL","false"
"A1-CB050-LI-05","050","listening","shop_public","REVIEW","PASS","PASS","REVIEW","REVIEW","REVIEW","FAIL","false"
"A1-CB050-RE-01","050","reading","information_search","REVIEW","PASS","PASS","REVIEW","FAIL","PASS","REVIEW","false"
"A1-CB050-RE-02","050","reading","content_comprehension","REVIEW","PASS","PASS","REVIEW","REVIEW","PASS","REVIEW","false"
"A1-CB050-RE-03","050","reading","information_search","FAIL","FAIL","PASS","REVIEW","REVIEW","REVIEW","FAIL","false"
"A1-CB050-RE-04","050","reading","content_comprehension","REVIEW","PASS","PASS","REVIEW","FAIL","PASS","REVIEW","false"
"A1-CB050-RE-05","050","reading","information_search","REVIEW","PASS","PASS","REVIEW","FAIL","PASS","REVIEW","false"
"A1-CB051-SV-01","051","script_vocabulary","kanji_meaning_usage","FAIL","FAIL","PASS","REVIEW","FAIL","PASS","FAIL","false"
"A1-CB051-SV-02","051","script_vocabulary","word_meaning","FAIL","FAIL","PASS","REVIEW","REVIEW","PASS","FAIL","false"
"A1-CB051-SV-03","051","script_vocabulary","word_usage","FAIL","FAIL","PASS","REVIEW","FAIL","PASS","FAIL","false"
"A1-CB051-SV-04","051","script_vocabulary","kanji_reading","FAIL","FAIL","PASS","REVIEW","REVIEW","PASS","FAIL","false"
"A1-CB051-SV-05","051","script_vocabulary","kanji_meaning_usage","FAIL","FAIL","PASS","REVIEW","FAIL","PASS","REVIEW","false"
"A1-CB051-CE-01","051","conversation_expression","grammar","FAIL","FAIL","PASS","REVIEW","REVIEW","PASS","REVIEW","false"
"A1-CB051-CE-02","051","conversation_expression","expression","FAIL","FAIL","PASS","REVIEW","REVIEW","PASS","FAIL","false"
"A1-CB051-CE-03","051","conversation_expression","grammar","FAIL","FAIL","PASS","REVIEW","FAIL","PASS","FAIL","false"
"A1-CB051-CE-04","051","conversation_expression","expression","FAIL","FAIL","PASS","REVIEW","FAIL","PASS","FAIL","false"
"A1-CB051-CE-05","051","conversation_expression","grammar","FAIL","FAIL","PASS","REVIEW","FAIL","PASS","REVIEW","false"
"A1-CB051-LI-01","051","listening","shop_public","FAIL","PASS","PASS","REVIEW","REVIEW","REVIEW","FAIL","false"
"A1-CB051-LI-02","051","listening","announcement_instruction","FAIL","FAIL","PASS","REVIEW","FAIL","REVIEW","FAIL","false"
"A1-CB051-LI-03","051","listening","conversation","REVIEW","PASS","PASS","REVIEW","REVIEW","REVIEW","REVIEW","false"
"A1-CB051-LI-04","051","listening","shop_public","REVIEW","PASS","PASS","REVIEW","REVIEW","REVIEW","FAIL","false"
"A1-CB051-LI-05","051","listening","announcement_instruction","FAIL","FAIL","PASS","REVIEW","FAIL","REVIEW","FAIL","false"
"A1-CB051-RE-01","051","reading","content_comprehension","REVIEW","PASS","PASS","REVIEW","FAIL","PASS","FAIL","false"
"A1-CB051-RE-02","051","reading","information_search","FAIL","FAIL","PASS","REVIEW","REVIEW","PASS","FAIL","false"
"A1-CB051-RE-03","051","reading","content_comprehension","REVIEW","PASS","PASS","REVIEW","REVIEW","PASS","REVIEW","false"
"A1-CB051-RE-04","051","reading","information_search","REVIEW","PASS","PASS","REVIEW","FAIL","PASS","FAIL","false"
"A1-CB051-RE-05","051","reading","content_comprehension","REVIEW","PASS","PASS","REVIEW","REVIEW","PASS","REVIEW","false"
"A1-CB052-SV-01","052","script_vocabulary","word_meaning","FAIL","FAIL","PASS","REVIEW","REVIEW","PASS","REVIEW","false"
"A1-CB052-SV-02","052","script_vocabulary","word_usage","FAIL","FAIL","PASS","REVIEW","FAIL","REVIEW","FAIL","false"
"A1-CB052-SV-03","052","script_vocabulary","kanji_reading","FAIL","FAIL","PASS","REVIEW","FAIL","PASS","FAIL","false"
"A1-CB052-SV-04","052","script_vocabulary","kanji_meaning_usage","FAIL","FAIL","PASS","REVIEW","FAIL","PASS","REVIEW","false"
"A1-CB052-SV-05","052","script_vocabulary","word_meaning","FAIL","FAIL","PASS","REVIEW","REVIEW","PASS","REVIEW","false"
"A1-CB052-CE-01","052","conversation_expression","expression","FAIL","FAIL","PASS","REVIEW","FAIL","PASS","REVIEW","false"
"A1-CB052-CE-02","052","conversation_expression","grammar","FAIL","FAIL","PASS","REVIEW","REVIEW","PASS","FAIL","false"
"A1-CB052-CE-03","052","conversation_expression","expression","FAIL","FAIL","PASS","REVIEW","REVIEW","PASS","FAIL","false"
"A1-CB052-CE-04","052","conversation_expression","grammar","FAIL","FAIL","PASS","REVIEW","FAIL","PASS","FAIL","false"
"A1-CB052-CE-05","052","conversation_expression","expression","FAIL","FAIL","PASS","REVIEW","FAIL","REVIEW","FAIL","false"
"A1-CB052-LI-01","052","listening","announcement_instruction","FAIL","FAIL","PASS","REVIEW","REVIEW","REVIEW","FAIL","false"
"A1-CB052-LI-02","052","listening","conversation","REVIEW","PASS","PASS","REVIEW","REVIEW","REVIEW","FAIL","false"
"A1-CB052-LI-03","052","listening","shop_public","REVIEW","PASS","PASS","REVIEW","REVIEW","REVIEW","FAIL","false"
"A1-CB052-LI-04","052","listening","announcement_instruction","FAIL","FAIL","PASS","REVIEW","REVIEW","REVIEW","FAIL","false"
"A1-CB052-LI-05","052","listening","conversation","FAIL","FAIL","PASS","REVIEW","REVIEW","REVIEW","FAIL","false"
"A1-CB052-RE-01","052","reading","information_search","REVIEW","PASS","PASS","REVIEW","REVIEW","REVIEW","FAIL","false"
"A1-CB052-RE-02","052","reading","content_comprehension","REVIEW","PASS","PASS","REVIEW","REVIEW","REVIEW","REVIEW","false"
"A1-CB052-RE-03","052","reading","information_search","REVIEW","PASS","PASS","REVIEW","FAIL","PASS","FAIL","false"
"A1-CB052-RE-04","052","reading","content_comprehension","FAIL","FAIL","PASS","REVIEW","FAIL","PASS","FAIL","false"
"A1-CB052-RE-05","052","reading","information_search","FAIL","FAIL","PASS","REVIEW","REVIEW","REVIEW","FAIL","false"
"A1-CB053-SV-01","053","script_vocabulary","word_usage","FAIL","FAIL","PASS","REVIEW","FAIL","PASS","FAIL","false"
"A1-CB053-SV-02","053","script_vocabulary","kanji_reading","FAIL","FAIL","PASS","REVIEW","FAIL","PASS","FAIL","false"
"A1-CB053-SV-03","053","script_vocabulary","kanji_meaning_usage","FAIL","FAIL","PASS","REVIEW","FAIL","PASS","FAIL","false"
"A1-CB053-SV-04","053","script_vocabulary","word_meaning","FAIL","FAIL","PASS","REVIEW","REVIEW","PASS","FAIL","false"
"A1-CB053-SV-05","053","script_vocabulary","word_usage","FAIL","FAIL","PASS","REVIEW","FAIL","PASS","FAIL","false"
"A1-CB053-CE-01","053","conversation_expression","grammar","FAIL","FAIL","PASS","REVIEW","REVIEW","PASS","PASS","false"
"A1-CB053-CE-02","053","conversation_expression","expression","FAIL","FAIL","PASS","REVIEW","REVIEW","PASS","FAIL","false"
"A1-CB053-CE-03","053","conversation_expression","grammar","REVIEW","FAIL","PASS","REVIEW","REVIEW","PASS","REVIEW","false"
"A1-CB053-CE-04","053","conversation_expression","expression","FAIL","FAIL","PASS","REVIEW","REVIEW","PASS","FAIL","false"
"A1-CB053-CE-05","053","conversation_expression","grammar","FAIL","FAIL","PASS","REVIEW","REVIEW","PASS","REVIEW","false"
"A1-CB053-LI-01","053","listening","conversation","REVIEW","PASS","PASS","REVIEW","REVIEW","REVIEW","REVIEW","false"
"A1-CB053-LI-02","053","listening","shop_public","REVIEW","PASS","PASS","REVIEW","FAIL","REVIEW","FAIL","false"
"A1-CB053-LI-03","053","listening","announcement_instruction","FAIL","FAIL","PASS","REVIEW","FAIL","REVIEW","REVIEW","false"
"A1-CB053-LI-04","053","listening","conversation","FAIL","FAIL","PASS","REVIEW","REVIEW","REVIEW","FAIL","false"
"A1-CB053-LI-05","053","listening","shop_public","FAIL","FAIL","PASS","REVIEW","REVIEW","REVIEW","PASS","false"
"A1-CB053-RE-01","053","reading","content_comprehension","FAIL","FAIL","PASS","REVIEW","FAIL","PASS","REVIEW","false"
"A1-CB053-RE-02","053","reading","information_search","REVIEW","PASS","PASS","REVIEW","FAIL","PASS","FAIL","false"
"A1-CB053-RE-03","053","reading","content_comprehension","FAIL","FAIL","PASS","REVIEW","FAIL","REVIEW","FAIL","false"
"A1-CB053-RE-04","053","reading","information_search","REVIEW","PASS","PASS","REVIEW","FAIL","PASS","FAIL","false"
"A1-CB053-RE-05","053","reading","content_comprehension","REVIEW","PASS","PASS","REVIEW","REVIEW","PASS","FAIL","false"
"A1-CB054-SV-01","054","script_vocabulary","kanji_reading","FAIL","FAIL","PASS","REVIEW","REVIEW","PASS","FAIL","false"
"A1-CB054-SV-02","054","script_vocabulary","kanji_meaning_usage","FAIL","FAIL","PASS","REVIEW","FAIL","PASS","REVIEW","false"
"A1-CB054-SV-03","054","script_vocabulary","word_meaning","FAIL","FAIL","PASS","REVIEW","REVIEW","PASS","FAIL","false"
"A1-CB054-SV-04","054","script_vocabulary","word_usage","FAIL","FAIL","PASS","REVIEW","FAIL","REVIEW","FAIL","false"
"A1-CB054-SV-05","054","script_vocabulary","kanji_reading","FAIL","FAIL","PASS","REVIEW","FAIL","PASS","FAIL","false"
"A1-CB054-CE-01","054","conversation_expression","expression","FAIL","FAIL","PASS","REVIEW","REVIEW","PASS","REVIEW","false"
"A1-CB054-CE-02","054","conversation_expression","grammar","REVIEW","FAIL","PASS","REVIEW","REVIEW","PASS","REVIEW","false"
"A1-CB054-CE-03","054","conversation_expression","expression","FAIL","FAIL","PASS","REVIEW","REVIEW","PASS","REVIEW","false"
"A1-CB054-CE-04","054","conversation_expression","grammar","REVIEW","FAIL","PASS","REVIEW","REVIEW","PASS","FAIL","false"
"A1-CB054-CE-05","054","conversation_expression","expression","FAIL","FAIL","PASS","REVIEW","REVIEW","PASS","FAIL","false"
"A1-CB054-LI-01","054","listening","shop_public","REVIEW","PASS","PASS","REVIEW","REVIEW","REVIEW","FAIL","false"
"A1-CB054-LI-02","054","listening","announcement_instruction","FAIL","FAIL","PASS","REVIEW","REVIEW","REVIEW","FAIL","false"
"A1-CB054-LI-03","054","listening","conversation","REVIEW","PASS","PASS","REVIEW","REVIEW","REVIEW","FAIL","false"
"A1-CB054-LI-04","054","listening","shop_public","REVIEW","PASS","PASS","REVIEW","REVIEW","REVIEW","FAIL","false"
"A1-CB054-LI-05","054","listening","announcement_instruction","FAIL","FAIL","PASS","REVIEW","FAIL","REVIEW","FAIL","false"
"A1-CB054-RE-01","054","reading","information_search","FAIL","FAIL","PASS","REVIEW","FAIL","PASS","FAIL","false"
"A1-CB054-RE-02","054","reading","content_comprehension","FAIL","FAIL","PASS","REVIEW","FAIL","PASS","REVIEW","false"
"A1-CB054-RE-03","054","reading","information_search","REVIEW","PASS","PASS","REVIEW","FAIL","REVIEW","REVIEW","false"
"A1-CB054-RE-04","054","reading","content_comprehension","REVIEW","PASS","PASS","REVIEW","FAIL","REVIEW","FAIL","false"
"A1-CB054-RE-05","054","reading","information_search","FAIL","FAIL","PASS","REVIEW","FAIL","PASS","REVIEW","false"
"A1-CB055-SV-01","055","script_vocabulary","kanji_meaning_usage","FAIL","FAIL","PASS","REVIEW","FAIL","PASS","FAIL","false"
"A1-CB055-SV-02","055","script_vocabulary","word_meaning","FAIL","FAIL","PASS","REVIEW","REVIEW","PASS","FAIL","false"
"A1-CB055-SV-03","055","script_vocabulary","word_usage","FAIL","FAIL","PASS","REVIEW","FAIL","REVIEW","FAIL","false"
"A1-CB055-SV-04","055","script_vocabulary","kanji_reading","FAIL","FAIL","PASS","REVIEW","REVIEW","PASS","FAIL","false"
"A1-CB055-SV-05","055","script_vocabulary","kanji_meaning_usage","FAIL","FAIL","PASS","REVIEW","FAIL","PASS","FAIL","false"
"A1-CB055-CE-01","055","conversation_expression","grammar","FAIL","FAIL","PASS","REVIEW","FAIL","PASS","REVIEW","false"
"A1-CB055-CE-02","055","conversation_expression","expression","FAIL","FAIL","PASS","REVIEW","REVIEW","PASS","FAIL","false"
"A1-CB055-CE-03","055","conversation_expression","grammar","FAIL","FAIL","PASS","REVIEW","REVIEW","PASS","REVIEW","false"
"A1-CB055-CE-04","055","conversation_expression","expression","FAIL","FAIL","PASS","REVIEW","REVIEW","PASS","REVIEW","false"
"A1-CB055-CE-05","055","conversation_expression","grammar","FAIL","FAIL","PASS","REVIEW","REVIEW","PASS","REVIEW","false"
"A1-CB055-LI-01","055","listening","announcement_instruction","REVIEW","PASS","PASS","REVIEW","REVIEW","REVIEW","FAIL","false"
"A1-CB055-LI-02","055","listening","conversation","REVIEW","PASS","PASS","REVIEW","REVIEW","REVIEW","FAIL","false"
"A1-CB055-LI-03","055","listening","shop_public","FAIL","PASS","PASS","REVIEW","REVIEW","REVIEW","FAIL","false"
"A1-CB055-LI-04","055","listening","announcement_instruction","FAIL","FAIL","PASS","REVIEW","REVIEW","REVIEW","PASS","false"
"A1-CB055-LI-05","055","listening","conversation","REVIEW","PASS","PASS","REVIEW","REVIEW","REVIEW","FAIL","false"
"A1-CB055-RE-01","055","reading","content_comprehension","REVIEW","PASS","PASS","REVIEW","REVIEW","PASS","REVIEW","false"
"A1-CB055-RE-02","055","reading","information_search","FAIL","FAIL","PASS","REVIEW","REVIEW","REVIEW","FAIL","false"
"A1-CB055-RE-03","055","reading","content_comprehension","REVIEW","PASS","PASS","REVIEW","FAIL","REVIEW","FAIL","false"
"A1-CB055-RE-04","055","reading","information_search","REVIEW","PASS","PASS","REVIEW","FAIL","PASS","FAIL","false"
"A1-CB055-RE-05","055","reading","content_comprehension","REVIEW","PASS","PASS","REVIEW","FAIL","REVIEW","FAIL","false"
"A1-CB056-SV-01","056","script_vocabulary","word_meaning","FAIL","FAIL","PASS","REVIEW","REVIEW","PASS","FAIL","false"
"A1-CB056-SV-02","056","script_vocabulary","word_usage","FAIL","FAIL","PASS","REVIEW","FAIL","PASS","FAIL","false"
"A1-CB056-SV-03","056","script_vocabulary","kanji_reading","FAIL","FAIL","PASS","REVIEW","REVIEW","PASS","FAIL","false"
"A1-CB056-SV-04","056","script_vocabulary","kanji_meaning_usage","FAIL","FAIL","PASS","REVIEW","FAIL","REVIEW","REVIEW","false"
"A1-CB056-SV-05","056","script_vocabulary","word_meaning","FAIL","FAIL","PASS","REVIEW","REVIEW","PASS","REVIEW","false"
"A1-CB056-CE-01","056","conversation_expression","expression","FAIL","FAIL","PASS","REVIEW","REVIEW","REVIEW","REVIEW","false"
"A1-CB056-CE-02","056","conversation_expression","grammar","FAIL","FAIL","PASS","REVIEW","REVIEW","REVIEW","REVIEW","false"
"A1-CB056-CE-03","056","conversation_expression","expression","REVIEW","FAIL","PASS","REVIEW","REVIEW","PASS","FAIL","false"
"A1-CB056-CE-04","056","conversation_expression","grammar","FAIL","FAIL","PASS","REVIEW","REVIEW","PASS","REVIEW","false"
"A1-CB056-CE-05","056","conversation_expression","expression","FAIL","FAIL","PASS","REVIEW","REVIEW","PASS","FAIL","false"
"A1-CB056-LI-01","056","listening","conversation","REVIEW","PASS","PASS","REVIEW","REVIEW","REVIEW","FAIL","false"
"A1-CB056-LI-02","056","listening","shop_public","REVIEW","PASS","PASS","REVIEW","FAIL","REVIEW","FAIL","false"
"A1-CB056-LI-03","056","listening","announcement_instruction","REVIEW","PASS","PASS","REVIEW","FAIL","REVIEW","FAIL","false"
"A1-CB056-LI-04","056","listening","conversation","FAIL","FAIL","PASS","REVIEW","REVIEW","REVIEW","FAIL","false"
"A1-CB056-LI-05","056","listening","shop_public","REVIEW","PASS","PASS","REVIEW","FAIL","REVIEW","FAIL","false"
"A1-CB056-RE-01","056","reading","information_search","FAIL","FAIL","PASS","REVIEW","REVIEW","PASS","FAIL","false"
"A1-CB056-RE-02","056","reading","content_comprehension","REVIEW","PASS","PASS","REVIEW","REVIEW","PASS","REVIEW","false"
"A1-CB056-RE-03","056","reading","information_search","FAIL","FAIL","PASS","REVIEW","FAIL","PASS","REVIEW","false"
"A1-CB056-RE-04","056","reading","content_comprehension","FAIL","FAIL","PASS","REVIEW","REVIEW","PASS","FAIL","false"
"A1-CB056-RE-05","056","reading","information_search","FAIL","FAIL","PASS","REVIEW","REVIEW","PASS","FAIL","false"
"A1-CB057-SV-01","057","script_vocabulary","word_usage","FAIL","FAIL","PASS","REVIEW","FAIL","PASS","FAIL","false"
"A1-CB057-SV-02","057","script_vocabulary","kanji_reading","FAIL","FAIL","PASS","REVIEW","FAIL","PASS","FAIL","false"
"A1-CB057-SV-03","057","script_vocabulary","kanji_meaning_usage","FAIL","FAIL","PASS","REVIEW","FAIL","PASS","FAIL","false"
"A1-CB057-SV-04","057","script_vocabulary","word_meaning","FAIL","FAIL","PASS","REVIEW","REVIEW","PASS","FAIL","false"
"A1-CB057-SV-05","057","script_vocabulary","word_usage","FAIL","FAIL","PASS","REVIEW","FAIL","PASS","FAIL","false"
"A1-CB057-CE-01","057","conversation_expression","grammar","FAIL","PASS","PASS","REVIEW","REVIEW","PASS","REVIEW","false"
"A1-CB057-CE-02","057","conversation_expression","expression","FAIL","FAIL","PASS","REVIEW","FAIL","PASS","REVIEW","false"
"A1-CB057-CE-03","057","conversation_expression","grammar","FAIL","FAIL","PASS","REVIEW","REVIEW","PASS","REVIEW","false"
"A1-CB057-CE-04","057","conversation_expression","expression","FAIL","PASS","PASS","REVIEW","FAIL","PASS","REVIEW","false"
"A1-CB057-CE-05","057","conversation_expression","grammar","FAIL","PASS","PASS","REVIEW","FAIL","PASS","REVIEW","false"
"A1-CB057-LI-01","057","listening","shop_public","REVIEW","PASS","PASS","REVIEW","REVIEW","REVIEW","FAIL","false"
"A1-CB057-LI-02","057","listening","announcement_instruction","REVIEW","PASS","PASS","REVIEW","REVIEW","REVIEW","REVIEW","false"
"A1-CB057-LI-03","057","listening","conversation","REVIEW","PASS","PASS","REVIEW","FAIL","REVIEW","REVIEW","false"
"A1-CB057-LI-04","057","listening","shop_public","FAIL","FAIL","PASS","REVIEW","FAIL","REVIEW","FAIL","false"
"A1-CB057-LI-05","057","listening","announcement_instruction","REVIEW","PASS","PASS","REVIEW","REVIEW","REVIEW","FAIL","false"
"A1-CB057-RE-01","057","reading","content_comprehension","REVIEW","PASS","PASS","REVIEW","REVIEW","REVIEW","FAIL","false"
"A1-CB057-RE-02","057","reading","information_search","FAIL","FAIL","PASS","REVIEW","FAIL","PASS","REVIEW","false"
"A1-CB057-RE-03","057","reading","content_comprehension","FAIL","FAIL","PASS","REVIEW","FAIL","PASS","FAIL","false"
"A1-CB057-RE-04","057","reading","information_search","FAIL","FAIL","PASS","REVIEW","REVIEW","PASS","FAIL","false"
"A1-CB057-RE-05","057","reading","content_comprehension","FAIL","FAIL","PASS","REVIEW","REVIEW","PASS","REVIEW","false"
"A1-CB058-SV-01","058","script_vocabulary","kanji_reading","FAIL","FAIL","PASS","REVIEW","FAIL","PASS","FAIL","false"
"A1-CB058-SV-02","058","script_vocabulary","kanji_meaning_usage","FAIL","FAIL","PASS","REVIEW","FAIL","PASS","FAIL","false"
"A1-CB058-SV-03","058","script_vocabulary","word_meaning","FAIL","FAIL","PASS","REVIEW","REVIEW","PASS","REVIEW","false"
"A1-CB058-SV-04","058","script_vocabulary","word_usage","FAIL","FAIL","PASS","REVIEW","FAIL","PASS","FAIL","false"
"A1-CB058-SV-05","058","script_vocabulary","kanji_reading","FAIL","FAIL","PASS","REVIEW","FAIL","PASS","FAIL","false"
"A1-CB058-CE-01","058","conversation_expression","expression","FAIL","FAIL","PASS","REVIEW","REVIEW","REVIEW","REVIEW","false"
"A1-CB058-CE-02","058","conversation_expression","grammar","FAIL","FAIL","PASS","REVIEW","REVIEW","PASS","PASS","false"
"A1-CB058-CE-03","058","conversation_expression","expression","FAIL","FAIL","PASS","REVIEW","REVIEW","REVIEW","FAIL","false"
"A1-CB058-CE-04","058","conversation_expression","grammar","FAIL","FAIL","PASS","REVIEW","REVIEW","PASS","PASS","false"
"A1-CB058-CE-05","058","conversation_expression","expression","FAIL","FAIL","PASS","REVIEW","REVIEW","PASS","REVIEW","false"
"A1-CB058-LI-01","058","listening","announcement_instruction","REVIEW","PASS","PASS","REVIEW","FAIL","REVIEW","FAIL","false"
"A1-CB058-LI-02","058","listening","conversation","REVIEW","PASS","PASS","REVIEW","FAIL","REVIEW","FAIL","false"
"A1-CB058-LI-03","058","listening","shop_public","FAIL","FAIL","PASS","REVIEW","FAIL","REVIEW","REVIEW","false"
"A1-CB058-LI-04","058","listening","announcement_instruction","REVIEW","PASS","PASS","REVIEW","FAIL","REVIEW","FAIL","false"
"A1-CB058-LI-05","058","listening","conversation","REVIEW","PASS","PASS","REVIEW","REVIEW","REVIEW","FAIL","false"
"A1-CB058-RE-01","058","reading","information_search","REVIEW","PASS","PASS","REVIEW","FAIL","PASS","FAIL","false"
"A1-CB058-RE-02","058","reading","content_comprehension","FAIL","FAIL","PASS","REVIEW","FAIL","REVIEW","FAIL","false"
"A1-CB058-RE-03","058","reading","information_search","REVIEW","PASS","PASS","REVIEW","FAIL","PASS","FAIL","false"
"A1-CB058-RE-04","058","reading","content_comprehension","REVIEW","PASS","PASS","REVIEW","REVIEW","REVIEW","FAIL","false"
"A1-CB058-RE-05","058","reading","information_search","REVIEW","PASS","PASS","REVIEW","FAIL","PASS","REVIEW","false"
"A1-CB059-SV-01","059","script_vocabulary","kanji_meaning_usage","FAIL","FAIL","PASS","REVIEW","FAIL","PASS","FAIL","false"
"A1-CB059-SV-02","059","script_vocabulary","word_meaning","FAIL","FAIL","PASS","REVIEW","REVIEW","PASS","FAIL","false"
"A1-CB059-SV-03","059","script_vocabulary","word_usage","FAIL","FAIL","PASS","REVIEW","FAIL","PASS","FAIL","false"
"A1-CB059-SV-04","059","script_vocabulary","kanji_reading","FAIL","FAIL","PASS","REVIEW","FAIL","PASS","FAIL","false"
"A1-CB059-SV-05","059","script_vocabulary","kanji_meaning_usage","FAIL","FAIL","PASS","REVIEW","FAIL","PASS","FAIL","false"
"A1-CB059-CE-01","059","conversation_expression","grammar","FAIL","FAIL","PASS","REVIEW","REVIEW","PASS","FAIL","false"
"A1-CB059-CE-02","059","conversation_expression","expression","FAIL","FAIL","PASS","REVIEW","REVIEW","PASS","REVIEW","false"
"A1-CB059-CE-03","059","conversation_expression","grammar","FAIL","FAIL","PASS","REVIEW","REVIEW","PASS","REVIEW","false"
"A1-CB059-CE-04","059","conversation_expression","expression","FAIL","FAIL","PASS","REVIEW","REVIEW","PASS","REVIEW","false"
"A1-CB059-CE-05","059","conversation_expression","grammar","FAIL","FAIL","PASS","REVIEW","REVIEW","PASS","REVIEW","false"
"A1-CB059-LI-01","059","listening","conversation","REVIEW","PASS","PASS","REVIEW","REVIEW","REVIEW","FAIL","false"
"A1-CB059-LI-02","059","listening","shop_public","FAIL","FAIL","PASS","REVIEW","FAIL","REVIEW","FAIL","false"
"A1-CB059-LI-03","059","listening","announcement_instruction","FAIL","PASS","PASS","REVIEW","FAIL","REVIEW","FAIL","false"
"A1-CB059-LI-04","059","listening","conversation","REVIEW","PASS","PASS","REVIEW","REVIEW","REVIEW","FAIL","false"
"A1-CB059-LI-05","059","listening","shop_public","FAIL","PASS","PASS","REVIEW","FAIL","REVIEW","FAIL","false"
"A1-CB059-RE-01","059","reading","content_comprehension","REVIEW","PASS","PASS","REVIEW","FAIL","REVIEW","FAIL","false"
"A1-CB059-RE-02","059","reading","information_search","REVIEW","PASS","PASS","REVIEW","FAIL","REVIEW","FAIL","false"
"A1-CB059-RE-03","059","reading","content_comprehension","REVIEW","PASS","PASS","REVIEW","FAIL","REVIEW","REVIEW","false"
"A1-CB059-RE-04","059","reading","information_search","FAIL","FAIL","PASS","REVIEW","FAIL","PASS","REVIEW","false"
"A1-CB059-RE-05","059","reading","content_comprehension","REVIEW","PASS","PASS","REVIEW","FAIL","REVIEW","FAIL","false"
"A1-CB060-SV-01","060","script_vocabulary","word_meaning","FAIL","FAIL","PASS","REVIEW","REVIEW","PASS","FAIL","false"
"A1-CB060-SV-02","060","script_vocabulary","word_usage","FAIL","FAIL","PASS","REVIEW","FAIL","REVIEW","FAIL","false"
"A1-CB060-SV-03","060","script_vocabulary","kanji_reading","FAIL","FAIL","PASS","REVIEW","REVIEW","PASS","FAIL","false"
"A1-CB060-SV-04","060","script_vocabulary","kanji_meaning_usage","FAIL","FAIL","PASS","REVIEW","FAIL","PASS","REVIEW","false"
"A1-CB060-SV-05","060","script_vocabulary","word_meaning","FAIL","FAIL","PASS","REVIEW","REVIEW","PASS","FAIL","false"
"A1-CB060-CE-01","060","conversation_expression","expression","FAIL","FAIL","PASS","REVIEW","REVIEW","PASS","REVIEW","false"
"A1-CB060-CE-02","060","conversation_expression","grammar","FAIL","FAIL","PASS","REVIEW","REVIEW","PASS","REVIEW","false"
"A1-CB060-CE-03","060","conversation_expression","expression","FAIL","FAIL","PASS","REVIEW","REVIEW","REVIEW","REVIEW","false"
"A1-CB060-CE-04","060","conversation_expression","grammar","FAIL","FAIL","PASS","REVIEW","REVIEW","PASS","REVIEW","false"
"A1-CB060-CE-05","060","conversation_expression","expression","FAIL","FAIL","PASS","REVIEW","REVIEW","PASS","REVIEW","false"
"A1-CB060-LI-01","060","listening","shop_public","REVIEW","PASS","PASS","REVIEW","FAIL","REVIEW","FAIL","false"
"A1-CB060-LI-02","060","listening","announcement_instruction","REVIEW","PASS","PASS","REVIEW","REVIEW","REVIEW","FAIL","false"
"A1-CB060-LI-03","060","listening","conversation","REVIEW","PASS","PASS","REVIEW","REVIEW","REVIEW","FAIL","false"
"A1-CB060-LI-04","060","listening","shop_public","REVIEW","PASS","PASS","REVIEW","FAIL","REVIEW","FAIL","false"
"A1-CB060-LI-05","060","listening","announcement_instruction","REVIEW","PASS","PASS","REVIEW","REVIEW","REVIEW","FAIL","false"
"A1-CB060-RE-01","060","reading","information_search","REVIEW","PASS","PASS","REVIEW","REVIEW","REVIEW","REVIEW","false"
"A1-CB060-RE-02","060","reading","content_comprehension","REVIEW","PASS","PASS","REVIEW","FAIL","PASS","REVIEW","false"
"A1-CB060-RE-03","060","reading","information_search","FAIL","FAIL","PASS","REVIEW","FAIL","PASS","FAIL","false"
"A1-CB060-RE-04","060","reading","content_comprehension","FAIL","FAIL","PASS","REVIEW","FAIL","REVIEW","REVIEW","false"
"A1-CB060-RE-05","060","reading","information_search","REVIEW","PASS","PASS","REVIEW","FAIL","REVIEW","FAIL","false"
"A1-CB061-SV-01","061","script_vocabulary","word_usage","FAIL","FAIL","PASS","REVIEW","FAIL","PASS","REVIEW","false"
"A1-CB061-SV-02","061","script_vocabulary","kanji_reading","FAIL","FAIL","PASS","REVIEW","REVIEW","PASS","FAIL","false"
"A1-CB061-SV-03","061","script_vocabulary","kanji_meaning_usage","FAIL","FAIL","PASS","REVIEW","FAIL","PASS","FAIL","false"
"A1-CB061-SV-04","061","script_vocabulary","word_meaning","FAIL","FAIL","PASS","REVIEW","REVIEW","PASS","FAIL","false"
"A1-CB061-SV-05","061","script_vocabulary","word_usage","FAIL","FAIL","PASS","REVIEW","FAIL","PASS","FAIL","false"
"A1-CB061-CE-01","061","conversation_expression","grammar","FAIL","FAIL","PASS","REVIEW","REVIEW","PASS","FAIL","false"
"A1-CB061-CE-02","061","conversation_expression","expression","FAIL","FAIL","PASS","REVIEW","REVIEW","PASS","FAIL","false"
"A1-CB061-CE-03","061","conversation_expression","grammar","FAIL","FAIL","PASS","REVIEW","REVIEW","PASS","FAIL","false"
"A1-CB061-CE-04","061","conversation_expression","expression","FAIL","FAIL","PASS","REVIEW","REVIEW","PASS","FAIL","false"
"A1-CB061-CE-05","061","conversation_expression","grammar","FAIL","FAIL","PASS","REVIEW","REVIEW","PASS","REVIEW","false"
"A1-CB061-LI-01","061","listening","announcement_instruction","REVIEW","PASS","PASS","REVIEW","REVIEW","REVIEW","FAIL","false"
"A1-CB061-LI-02","061","listening","conversation","REVIEW","PASS","PASS","REVIEW","REVIEW","REVIEW","FAIL","false"
"A1-CB061-LI-03","061","listening","shop_public","FAIL","FAIL","PASS","REVIEW","REVIEW","REVIEW","FAIL","false"
"A1-CB061-LI-04","061","listening","announcement_instruction","FAIL","PASS","PASS","REVIEW","REVIEW","REVIEW","FAIL","false"
"A1-CB061-LI-05","061","listening","conversation","FAIL","FAIL","PASS","REVIEW","REVIEW","REVIEW","FAIL","false"
"A1-CB061-RE-01","061","reading","content_comprehension","FAIL","FAIL","PASS","REVIEW","REVIEW","PASS","REVIEW","false"
"A1-CB061-RE-02","061","reading","information_search","FAIL","FAIL","PASS","REVIEW","FAIL","PASS","REVIEW","false"
"A1-CB061-RE-03","061","reading","content_comprehension","FAIL","FAIL","PASS","REVIEW","REVIEW","PASS","REVIEW","false"
"A1-CB061-RE-04","061","reading","information_search","FAIL","FAIL","PASS","REVIEW","REVIEW","REVIEW","FAIL","false"
"A1-CB061-RE-05","061","reading","content_comprehension","REVIEW","PASS","PASS","REVIEW","FAIL","PASS","FAIL","false"
"A1-CB062-SV-01","062","script_vocabulary","kanji_reading","FAIL","FAIL","PASS","REVIEW","FAIL","PASS","FAIL","false"
"A1-CB062-SV-02","062","script_vocabulary","kanji_meaning_usage","FAIL","FAIL","PASS","REVIEW","FAIL","PASS","FAIL","false"
"A1-CB062-SV-03","062","script_vocabulary","word_meaning","FAIL","FAIL","PASS","REVIEW","REVIEW","PASS","FAIL","false"
"A1-CB062-SV-04","062","script_vocabulary","word_usage","FAIL","FAIL","PASS","REVIEW","FAIL","PASS","FAIL","false"
"A1-CB062-SV-05","062","script_vocabulary","kanji_reading","FAIL","FAIL","PASS","REVIEW","REVIEW","PASS","FAIL","false"
"A1-CB062-CE-01","062","conversation_expression","expression","FAIL","PASS","PASS","REVIEW","FAIL","REVIEW","FAIL","false"
"A1-CB062-CE-02","062","conversation_expression","grammar","FAIL","FAIL","PASS","REVIEW","REVIEW","PASS","REVIEW","false"
"A1-CB062-CE-03","062","conversation_expression","expression","FAIL","FAIL","PASS","REVIEW","FAIL","PASS","FAIL","false"
"A1-CB062-CE-04","062","conversation_expression","grammar","FAIL","FAIL","PASS","REVIEW","REVIEW","PASS","FAIL","false"
"A1-CB062-CE-05","062","conversation_expression","expression","FAIL","FAIL","PASS","REVIEW","FAIL","PASS","REVIEW","false"
"A1-CB062-LI-01","062","listening","conversation","REVIEW","PASS","PASS","REVIEW","REVIEW","REVIEW","FAIL","false"
"A1-CB062-LI-02","062","listening","shop_public","FAIL","PASS","PASS","REVIEW","REVIEW","REVIEW","FAIL","false"
"A1-CB062-LI-03","062","listening","announcement_instruction","REVIEW","PASS","PASS","REVIEW","FAIL","REVIEW","FAIL","false"
"A1-CB062-LI-04","062","listening","conversation","REVIEW","PASS","PASS","REVIEW","REVIEW","REVIEW","FAIL","false"
"A1-CB062-LI-05","062","listening","shop_public","REVIEW","PASS","PASS","REVIEW","REVIEW","REVIEW","FAIL","false"
"A1-CB062-RE-01","062","reading","information_search","REVIEW","PASS","PASS","REVIEW","FAIL","PASS","REVIEW","false"
"A1-CB062-RE-02","062","reading","content_comprehension","REVIEW","PASS","PASS","REVIEW","FAIL","PASS","FAIL","false"
"A1-CB062-RE-03","062","reading","information_search","FAIL","FAIL","PASS","REVIEW","REVIEW","REVIEW","FAIL","false"
"A1-CB062-RE-04","062","reading","content_comprehension","REVIEW","PASS","PASS","REVIEW","REVIEW","PASS","FAIL","false"
"A1-CB062-RE-05","062","reading","information_search","REVIEW","PASS","PASS","REVIEW","FAIL","PASS","FAIL","false"
